dataset,subset,target_layer,training_dataset,validation_dataset,test_dataset,model_name,n_features,degree,activation,batch_size,num_epochs_overfit,overfitting_target,overfitting_prediction,num_epochs_training,loss,leaning_rate,training_loss,val_loss,mae-train,mse-train,rmse-train,rmspe-train,mae-val,mse-val,rmse-val,rmspe-val,mae-test,mse-test,rmse-test,rmspe-test
LayerWiseDataset,pretrained,conv,1603,401,501,GRN,5,,,64,3000,2.4095998814866277,2.3197805881500244,1,mse,0.0001,8.48108959197998,9.000571250915527,2.7274279000116812,8.371437653108904,2.893343680434266,0.998940249746111,2.8059525023275955,9.000571896279776,3.0000953145324862,0.9989508407600566,2.7507649497529423,8.478053822675951,2.911709776518936,0.9989496460921136
LayerWiseDataset,pretrained,conv,1603,401,501,GRN,5,,,64,3000,3.7588811674579383,3.7698605060577393,5000,mse,0.0001,0.2925527095794678,0.248426154255867,0.3573466395391461,0.28805364194905697,0.5367062902082078,0.2014058066473674,0.3373120319269822,0.24842615736051155,0.49842367255228914,0.20931923618825088,0.3674522558505388,0.2901770487398518,0.5386808412593228,0.2122928939490785
LayerWiseDataset,pretrained,conv,1603,401,501,GRN,5,,,64,3000,2.0018964208046595,2.006978988647461,1000,mse,0.001,0.32525378465652466,0.36945778131484985,0.4116657998030758,0.32166285182049087,0.5671532877630975,0.21936488355810782,0.42227325204345917,0.3694577711417635,0.6078303802392272,0.22800066822518134,0.42744493212765733,0.3429876422058386,0.5856514682008733,0.22528936410880568
LayerWiseDataset,pretrained,conv,1603,401,501,GRN,5,,,64,3000,1.7349153291301598,1.7401505708694458,1000,mse,0.001,0.474107950925827,0.47657567262649536,0.5016941005800588,0.4664909142348989,0.6830014013418266,0.26563907092090094,0.5033271285849216,0.47657567528314454,0.6903446061809598,0.2726472372536556,0.493729280036093,0.450795918106286,0.671413373493771,0.2547247344075191
LayerWiseDataset,pretrained,conv,1603,401,501,GRN,5,,,64,3000,2.839252051707771,2.8405282497406006,1000,mse,0.001,0.3082227110862732,0.3476300835609436,0.39487063352381196,0.2972340619383109,0.5451917662055352,0.19156741182122594,0.4004376759777167,0.3476300702338414,0.5896016199382779,0.19864758172327499,0.4211979063669335,0.3313199818724081,0.5756040148160957,0.2019567430675706
LayerWiseDataset,pretrained,conv,1603,401,501,GRN,5,,,64,3000,1.760320432671249,1.7441761493682861,5000,mse,0.0001,0.28581351041793823,0.327303946018219,0.3631986340469725,0.2709023625826177,0.5204828167986122,0.19898458969366836,0.3789846247632228,0.3273039431671765,0.5721048358187304,0.20922455293769332,0.39155631868403074,0.31593028672895646,0.5620767623100571,0.21486286134240304
LayerWiseDataset,pretrained,conv,1603,401,501,GRN,5,,,64,3000,2.8194999830139342,2.4752957820892334,1,mse,0.0001,8.372828483581543,8.987102508544922,2.724912530827301,8.357787676676118,2.890983859636044,0.9979034589202833,2.8035026571500765,8.98710214456648,2.997849586714864,0.997942370043608,2.7483525188080953,8.464773293841668,2.909428344854306,0.9979682328979245
LayerWiseDataset,pretrained,conv,1603,401,501,GRN,5,,,64,3000,2.9098638794958465,2.929069757461548,5000,mse,0.0001,0.3528946042060852,0.37824150919914246,0.4349534477080775,0.33428341160831326,0.578172475657838,0.22420941219723922,0.44324905014515975,0.3782415544786549,0.6150134587784685,0.22701113903996803,0.4466431968192004,0.3523687857400622,0.5936065917255824,0.22486693515629164
LayerWiseDatasetv2,pretrained,conv,1724,353,428,PolynomialRegression,5,3,,,,1.860670815733744e-09,1.860670815733744e-09,,,,,,3.599339485147544e-10,2.387385341876912e-19,4.886087741615895e-10,0.1799069595974288,5.374129396302441e-10,5.959265332647899e-19,7.719627797146634e-10,0.21499578463234056,4.1832447932451496e-10,3.5685920711620777e-19,5.973769388888458e-10,0.21274626280781875
LayerWiseDatasetv2,pretrained,conv,2077,0,428,PolynomialRegression,5,3,,,,1.7252215173563429e-09,1.7252215173563429e-09,,,,,,3.8435398626039463e-10,2.7021461759600755e-19,5.198217171261774e-10,0.18389739116517453,,,,,4.1841381175234503e-10,3.422586705939159e-19,5.850287775775786e-10,0.2141903598580408
LayerWiseDatasetv2,pretrained,conv,2077,0,428,PolynomialRegression,5,3,,,,1.7252215173563429e-09,1.7252215173563429e-09,,,,,,3.8435398626039463e-10,2.7021461759600755e-19,5.198217171261774e-10,0.18389739116517453,,,,,4.1841381175234503e-10,3.422586705939159e-19,5.850287775775786e-10,0.2141903598580408
LayerWiseDatasetv2,pretrained,conv,2077,0,428,PolynomialRegression,5,3,,,,1.7252215173563429e-09,1.7252215173563429e-09,,,,,,3.8435398626039463e-10,2.7021461759600755e-19,5.198217171261774e-10,0.18389739116517453,,,,,4.1841381175234503e-10,3.422586705939159e-19,5.850287775775786e-10,0.2141903598580408
LayerWiseDatasetv2,pretrained,conv,2077,0,428,PolynomialRegression,5,3,,,,1.7252215173563429e-09,1.7252215173563429e-09,,,,,,3.8435398626039463e-10,2.7021461759600755e-19,5.198217171261774e-10,0.18389739116517453,,,,,4.1841381175234503e-10,3.422586705939159e-19,5.850287775775786e-10,0.2141903598580408
LayerWiseDatasetv2,pretrained,conv,1724,353,428,GRN,5,,,64,3000,1.860670815733744e-09,-0.0061398837715387344,500,mse,0.0001,1.318165907406943e-15,7.14919894982067e-17,5.7871129415827734e-09,6.546526608476462e-17,8.09106087511178e-09,3.7076697527557183,6.198349318695495e-09,7.14919680507972e-17,8.455292310192309e-09,3.8603361157346887,7.972709289150781e-09,1.0462540654583164e-16,1.022865614564453e-08,4.87258229574635
LayerWiseDatasetv2,pretrained,conv,1724,353,428,GRN,5,,,64,3000,1.860670815733744,1.877508521080017,500,mse,0.0001,0.4479224383831024,0.9832193851470947,0.4769211177970599,0.4102398132425809,0.6404996590495431,0.27226183326203895,0.7503360930085935,0.9832193042406857,0.9915741546857127,0.3389854967776649,0.6310403474339182,0.6648542403195457,0.8153859456230195,0.3453383877928436
LayerWiseDatasetv2,pretrained,conv,1724,353,428,ResidualMLP,5,,,64,3000,1.860670815733744,1.861926794052124,500,mse,0.0001,2.282348871231079,11.446602821350098,1.0343251392977766,2.2672032793286396,1.505723506932345,0.5113011677246144,1.9845037161841028,11.446602519234833,3.383282802136829,0.9518201184523235,1.2051284970355145,3.625250668495663,1.9040091040999942,0.680781669681793
LayerWiseDataset,pretrained,conv,1603,401,501,ResidualMLP,5,,,64,3000,4.653479149766842,4.653478622436523,5000,mse,0.0001,0.5760650634765625,0.609329104423523,0.5925166240385225,0.5772253369287141,0.7597534711527906,0.29669145895944427,0.6065314878083656,0.6093290318086877,0.7805953060380825,0.2962972146098147,0.599871707771235,0.5855369975469776,0.7652038927939256,0.2910615096306505
LayerWiseDatasetv2,pretrained,dense,21,0,7,PolynomialRegression,3,1,,,,2.9901744427712957,2.9901744427712957,,,,,,0.220775765840744,0.08383701807684042,0.2895462278753436,0.0901034355016407,,,,,0.18665842621940312,0.0551414033500522,0.23482206742564082,0.040051361097611385
LayerWiseDatasetv2,pretrained,dense,21,0,7,PolynomialRegression,3,2,,,,3.0112262581284845,3.0112262581284845,,,,,,0.1442625120301168,0.03017627169843385,0.17371318803831173,0.05376373500654105,,,,,0.2501100474814201,0.16021989628214597,0.40027477597538663,0.08241175151637958
LayerWiseDatasetv2,pretrained,dense,21,0,7,PolynomialRegression,3,3,,,,3.0721934385694394,3.0721934385694394,,,,,,0.13464357225130547,0.028447690375926878,0.16866443127087252,0.052378740137634966,,,,,0.23900225331762076,0.15926015708627436,0.3990741248017395,0.08094561602796692
LayerWiseDatasetv2,pretrained,dense,21,0,7,PolynomialRegression,3,4,,,,3.1825540185451913,3.1825540185451913,,,,,,0.13146024479863513,0.02766831246370421,0.16633794655370798,0.051785119830412986,,,,,0.23614953635242758,0.15814167299965312,0.3976703069122123,0.08008377809545567
LayerWiseDatasetv2,pretrained,conv,2077,0,428,PolynomialRegression,5,1,,,,1.7252215173563428,1.7252215173563428,,,,,,0.6248006486245877,0.6505716387534514,0.8065802122253256,0.2860658644223059,,,,,0.7856957710324761,0.8324848247150103,0.9124060635018875,0.36433646777883383
LayerWiseDatasetv2,pretrained,conv,2077,0,428,PolynomialRegression,5,2,,,,2.889112605174038,2.889112605174038,,,,,,0.49964440202013916,0.4255441029750882,0.6523374149740977,0.22898132379986164,,,,,0.6121611787497158,0.6226631247660037,0.7890900612515682,0.3001957991536208
LayerWiseDatasetv2,pretrained,conv,2077,0,428,PolynomialRegression,5,3,,,,2.43549944695635,2.43549944695635,,,,,,0.3845827923266565,0.27022256742119966,0.5198293637542993,0.1840917390456783,,,,,0.41881418224582695,0.3429247280903503,0.5855977528050721,0.21462310669844242
LayerWiseDatasetv2,pretrained,conv,2077,0,428,PolynomialRegression,5,4,,,,2.888496957381049,2.888496957381049,,,,,,0.7257004787573926,1.1296527467443436,1.0628512345311283,0.3905556531088236,,,,,0.9112184483767911,2.638463680290898,1.6243348424173194,0.5728282223030082
LayerWiseDatasetv2,pretrained,pool,47,0,9,PolynomialRegression,5,1,,,,1.5791126853263378,1.5791126853263378,,,,,,0.09644446473235146,0.019077200908823408,0.13812024076442744,0.07780263745538102,,,,,0.09824125869269748,0.014455056706190985,0.12022918408685548,0.07101911498087887
LayerWiseDatasetv2,pretrained,pool,47,0,9,PolynomialRegression,5,2,,,,1.5394232149526674,1.5394232149526674,,,,,,0.0935616142239178,0.016386277586232564,0.12800889651204936,0.07535295481469842,,,,,0.14497069649028485,0.04565611756588403,0.21367292192948556,0.13908120077613248
LayerWiseDatasetv2,pretrained,pool,47,0,9,PolynomialRegression,5,3,,,,1.556184419527014,1.556184419527014,,,,,,0.05087454521083785,0.008850923038374564,0.09407934437683207,0.05659673723994147,,,,,0.531688863271635,2.037746018174511,1.42749641616871,0.9903197620127681
LayerWiseDatasetv2,pretrained,pool,47,0,9,PolynomialRegression,5,4,,,,1.529360432846467,1.529360432846467,,,,,,0.04689968035604519,0.008703932406290039,0.09329486805977079,0.05596123769052742,,,,,1.134302871066983,10.45894364785222,3.234029011597178,2.243992667471903
LayerWiseDatasetv2,pretrained,dense,1431,0,360,PolynomialRegression,3,1,,,,5.3362863416035955,5.3362863416035955,,,,,,49.34119798600216,9984.216090698883,99.92104928741934,4.2924924427852575,,,,,47.00268787756013,10577.495480560985,102.8469517319837,4.608668489099713
LayerWiseDatasetv2,pretrained,dense,1431,0,360,PolynomialRegression,3,2,,,,55.074235016091,55.074235016091,,,,,,50.08007535795379,9537.637526114713,97.66082902635382,4.491365202790373,,,,,47.57353204372052,10509.574575451772,102.51621615847793,4.900644343972856
LayerWiseDatasetv2,pretrained,dense,1431,0,360,PolynomialRegression,3,3,,,,9.596486914660142,9.596486914660142,,,,,,43.96532499929376,7412.167157717708,86.09394379233483,3.4159216045285663,,,,,41.475609444429274,9128.390106166953,95.54260885158492,3.237296772460117
LayerWiseDatasetv2,pretrained,dense,1431,0,360,PolynomialRegression,3,4,,,,14.170351254505439,14.170351254505439,,,,,,42.955119122056715,7308.506429683308,85.48980307430418,3.4081348982984156,,,,,40.27558008196968,9022.220436464608,94.9853695916619,3.169202271632877
LayerWiseDataset,pretrained,dense,1432,0,359,PolynomialRegression,3,1,,,,16.275085830232154,16.275085830232154,,,,,,47.05232297291724,10002.723838136726,100.01361826339814,4.00192533625083,,,,,49.94576616220189,10437.641088310434,102.16477420476411,4.213063640503898
LayerWiseDataset,pretrained,dense,1432,0,359,PolynomialRegression,3,2,,,,3.036230909580125,3.036230909580125,,,,,,47.92746025721726,9617.485362674002,98.06877873550788,4.194502971902011,,,,,50.5859485531243,10173.54893393316,100.86401208524852,4.458041481529259
LayerWiseDataset,pretrained,dense,1432,0,359,PolynomialRegression,3,3,,,,7.29170079735438,7.29170079735438,,,,,,42.04522346970357,7669.11930639803,87.5735080169684,3.2290625658457865,,,,,45.05549279977149,8142.768588420101,90.23729045367054,3.2467766498021735
LayerWiseDataset,pretrained,dense,1432,0,359,PolynomialRegression,3,4,,,,7.048404586354759,7.048404586354759,,,,,,41.05465629574875,7580.392584371772,87.0654500038435,3.2270847578128783,,,,,43.81998843555932,7996.451786690277,89.42288178475505,3.234052164990803
LayerWiseDataset,pretrained,conv,2004,0,501,PolynomialRegression,6,2,,,,1.7288063231609268,1.7288063231609268,,,,,,0.5119992516240516,0.45532563112261687,0.674778208837998,0.23342535631278336,,,,,0.5084604553882686,0.45395223027248294,0.6737597719309776,0.23210152470830378
LayerWiseDataset,pretrained,conv,2004,0,501,PolynomialRegression,6,3,,,,1.7476363492554823,1.7476363492554823,,,,,,0.38494543485629884,0.28036482805696883,0.529494880104585,0.18480557045755497,,,,,0.38586526773380214,0.2779652338726231,0.5272240831682702,0.18989687509202305
LayerWiseDataset,pretrained,conv,2004,0,501,PolynomialRegression,6,3,,,,2.4363312621173994,2.4363312621173994,,,,,,0.38494543485629884,0.28036482805696883,0.529494880104585,0.18480557045755497,,,,,0.38586526773380214,0.2779652338726231,0.5272240831682702,0.18989687509202305
LayerWiseDataset,pretrained,dense,2004,0,501,PolynomialRegression,6,3,,,,1.7487693842715026,1.7487693842715026,,,,,,0.38494543485629884,0.28036482805696883,0.529494880104585,0.18480557045755497,,,,,0.38586526773380214,0.2779652338726231,0.5272240831682702,0.18989687509202305
LayerWiseDataset,pretrained,dense,2004,0,501,PolynomialRegression,6,3,,,,2.9086366821880074,2.9086366821880074,,,,,,0.38494543485629884,0.28036482805696883,0.529494880104585,0.18480557045755497,,,,,0.38586526773380214,0.2779652338726231,0.5272240831682702,0.18989687509202305
LayerWiseDataset,pretrained,pool,2004,0,501,PolynomialRegression,6,3,,,,4.673848851594548,4.673848851594548,,,,,,0.38494543485629884,0.28036482805696883,0.529494880104585,0.18480557045755497,,,,,0.38586526773380214,0.2779652338726231,0.5272240831682702,0.18989687509202305
LayerWiseDataset,pretrained,pool,44,0,12,PolynomialRegression,6,3,,,,1.4164078428459432,1.4164078428459432,,,,,,0.051263892245601836,0.0092331976379849,0.09608952928381374,0.056917443007455944,,,,,0.34713361488501354,0.30934655313518683,0.556189314114526,0.35065975088481244
LayerWiseDataset,pretrained,pool,44,0,12,PolynomialRegression,6,2,,,,1.481814025358584,1.481814025358584,,,,,,0.10094606366291203,0.018559593785456584,0.13623360006054522,0.08062496709122097,,,,,0.09772991800248787,0.014851030511557168,0.12186480423632234,0.08168895447138055
LayerWiseDataset,pretrained,pool,44,0,12,PolynomialRegression,6,1,,,,1.441597975950665,1.441597975950665,,,,,,0.10673107633960632,0.020836657334513727,0.14434908151600317,0.08208557919853032,,,,,0.08893740332766203,0.010112053551095268,0.10055870698798422,0.06662792001030036
LayerWiseDatasetv2,pretrained,conv,2077,0,428,PolynomialRegression,6,1,,,,1.7252215173563428,1.7252215173563428,,,,,,0.6248006486245881,0.6505716387534515,0.8065802122253257,0.2860658644223061,,,,,0.785695771032477,0.8324848247150112,0.9124060635018879,0.3643364677788342
LayerWiseDatasetv2,pretrained,conv,2077,0,428,PolynomialRegression,6,3,,,,1.7252215173563428,1.7252215173563428,,,,,,0.38357110004707706,0.2697257514178614,0.5193512794033163,0.18383465979959304,,,,,0.4162794129454697,0.33970059635278316,0.5828383964297335,0.21350777509004967
LayerWiseDatasetv2,pretrained,conv,2077,0,428,PolynomialRegression,6,2,,,,1.7252215173563428,1.7252215173563428,,,,,,0.49964440208473876,0.4255441029750883,0.6523374149740978,0.22898132379737518,,,,,0.6121611787316191,0.6226631247343062,0.7890900612314834,0.3001957991501053
LayerWiseDatasetv2,pretrained,conv,2077,0,428,PolynomialRegression,6,4,,,,1.7252215173563428,1.7252215173563428,,,,,,0.5113314149570276,0.4648191783960208,0.6817764871246447,0.25818357216049315,,,,,0.5093708962095514,0.5974111896790376,0.7729237929311257,0.3273660979942708
LayerWiseDatasetv2,pretrained,pool,47,0,9,PolynomialRegression,6,1,,,,1.5791126853263378,1.5791126853263378,,,,,,0.09644446473234826,0.01907720090882341,0.13812024076442747,0.07780263745538137,,,,,0.09824125869269884,0.014455056706191485,0.12022918408685757,0.07101911498088075
LayerWiseDatasetv2,pretrained,pool,47,0,9,PolynomialRegression,6,2,,,,1.5791126853263378,1.5791126853263378,,,,,,0.09356161422412236,0.01638627758623257,0.12800889651204939,0.07535295481467173,,,,,0.14497069649133587,0.04565611756656384,0.21367292193107634,0.13908120077720296
LayerWiseDatasetv2,pretrained,pool,47,0,9,PolynomialRegression,6,3,,,,1.5791126853263378,1.5791126853263378,,,,,,0.05087456725339254,0.008850923038408762,0.09407934437701382,0.056596735635742725,,,,,0.5316887424828013,2.037745030715608,1.4274960702977812,0.9903195221246889
LayerWiseDatasetv2,pretrained,pool,47,0,9,PolynomialRegression,6,4,,,,1.5791126853263378,1.5791126853263378,,,,,,0.04689948339552981,0.008703932410245193,0.09329486808096785,0.055961208180482204,,,,,1.1374992182308588,10.52103297573769,3.243614184168285,2.2506440895551716
LayerWiseDatasetv2,pretrained,dense,21,0,7,PolynomialRegression,4,4,,,,2.9901744427712957,2.9901744427712957,,,,,,0.13146024479615748,0.027668312463704228,0.16633794655370804,0.05178511983042996,,,,,0.23614953635848535,0.15814167300818607,0.397670306922941,0.0800837780956703
LayerWiseDatasetv2,pretrained,dense,21,0,7,PolynomialRegression,4,1,,,,2.9901744427712957,2.9901744427712957,,,,,,0.22077576584074418,0.08383701807684048,0.28954622787534373,0.09010343550164071,,,,,0.18665842621940307,0.055141403350052,0.23482206742564038,0.04005136109761142
LayerWiseDatasetv2,pretrained,dense,21,0,7,PolynomialRegression,4,2,,,,2.9901744427712957,2.9901744427712957,,,,,,0.1442625120295999,0.03017627169843385,0.17371318803831173,0.053763735006524774,,,,,0.2501100474834637,0.1602198962844956,0.4002747759783217,0.08241175151670792
LayerWiseDatasetv2,pretrained,dense,21,0,7,PolynomialRegression,4,3,,,,2.9901744427712957,2.9901744427712957,,,,,,0.13464357225128118,0.028447690375926853,0.16866443127087244,0.052378740137633495,,,,,0.2390022533176941,0.15926015708637561,0.3990741248018664,0.08094561602797391
LayerWiseDatasetv2Large,pretrained,conv,15850,0,3960,PolynomialRegression,6,3,,,,9.403715692424841,9.403715692424841,,,,,,14.810777373025504,1300.346617941226,36.06031916027957,2.244448931486415,,,,,14.222714769716559,2609.104203764282,51.0793911843542,2.1803035262128065
LayerWiseDatasetv2Large,pretrained,conv,15850,0,3960,PolynomialRegression,6,2,,,,9.403715692424841,9.403715692424841,,,,,,13.513435054198665,1367.3621885116806,36.97786078874332,1.9594623010084578,,,,,12.664383168421832,2870.415994940537,53.576263353658184,1.8409192266815382
LayerWiseDatasetv2Large,pretrained,conv,15850,0,3960,PolynomialRegression,6,1,,,,9.403715692424841,9.403715692424841,,,,,,14.411820864707959,1483.1677257634087,38.511916672160176,1.839140192804269,,,,,12.416663611126463,2951.48543491977,54.327575271861434,1.7749042098809034
LayerWiseDatasetv2Large,pretrained,conv,15850,0,3960,PolynomialRegression,6,4,,,,9.403715692424841,9.403715692424841,,,,,,12.566438106132411,1196.1626649352802,34.58558464064588,1.678559990234258,,,,,12.594747307823203,2624.032169272202,51.22530789826648,1.7472395343110059
LayerWiseDatasetv2Large,pretrained,conv,15850,0,3960,PolynomialRegression,6,1,,,,9.403715692424841,9.403715692424841,,,,,,14.3447452988941,1103.556785082606,33.21982518139742,1.524645328728319,,,,,13.901781466973729,2492.919106488554,49.92914085470081,1.7064667004507212
LayerWiseDatasetv2Large,pretrained,conv,15850,0,3960,PolynomialRegression,6,3,,,,9.403715692424841,9.403715692424841,,,,,,10.836215250087653,667.6574207182364,25.839067721538182,1.2167196098469097,,,,,10.75382018047181,1952.0143367360683,44.1816063168381,1.2523299371721133
LayerWiseDatasetv2Large,pretrained,conv,15850,0,3960,PolynomialRegression,6,1,,,,9.403715692424841,9.403715692424841,,,,,,14.3447452988941,1103.556785082606,33.21982518139742,1.524645328728319,,,,,13.901781466973729,2492.919106488554,49.92914085470081,1.7064667004507212
LayerWiseDatasetv2Large,pretrained,conv,15850,0,3960,PolynomialRegression,6,2,,,,9.403715692424841,9.403715692424841,,,,,,11.767624998769541,831.8178083195215,28.841251850769613,1.421899126529326,,,,,11.419909502248608,2237.581900680068,47.303085530228024,1.3358188482114741
LayerWiseDatasetv2Large,pretrained,conv,15850,0,3960,PolynomialRegression,6,3,,,,9.403715692424841,9.403715692424841,,,,,,10.836215250087653,667.6574207182364,25.839067721538182,1.2167196098469097,,,,,10.75382018047181,1952.0143367360683,44.1816063168381,1.2523299371721133
LayerWiseDatasetv2Large,pretrained,conv,15850,0,3960,PolynomialRegression,6,4,,,,9.403715692424841,9.403715692424841,,,,,,11.397110294339702,679.4227996588974,26.065739959933946,1.345175779760569,,,,,12.108274078106618,1769.0903718543432,42.06055600980975,1.5495288640109162
LayerWiseDatasetv2Large,pretrained,dense,1431,0,360,PolynomialRegression,4,1,,,,4.096142571934064,4.096142571934064,,,,,,1.3268708309445,2.5898147318168645,1.6092901328899225,0.29510593908441407,,,,,1.2442604474688599,2.860398537544629,1.6912712785193948,0.24870085919301732
LayerWiseDatasetv2Large,pretrained,dense,1431,0,360,PolynomialRegression,4,2,,,,4.096142571934064,4.096142571934064,,,,,,1.255132509166792,2.3717546492494646,1.5400502099767606,0.2975660377895343,,,,,1.1445498988578535,2.726937265976938,1.6513440786150348,0.2506619067426578
LayerWiseDatasetv2Large,pretrained,dense,1431,0,360,PolynomialRegression,4,3,,,,4.096142571934064,4.096142571934064,,,,,,1.2532249779085314,2.3652333802136813,1.5379315265035962,0.2973573094019296,,,,,1.146416499461687,2.7196427608495792,1.6491339426649307,0.2509308483066051
LayerWiseDatasetv2Large,pretrained,dense,1431,0,360,PolynomialRegression,4,4,,,,4.096142571934064,4.096142571934064,,,,,,1.2517990193990174,2.3537666175745247,1.534199014982908,0.29693704502674895,,,,,1.151775073794086,2.7355037419539787,1.6539358336870202,0.2524982668469049
LayerWiseDatasetv2Large,pretrained,pool,338,0,82,PolynomialRegression,6,1,,,,3.6109451212622057,3.6109451212622057,,,,,,2.6696345776756774,12.622965981782869,3.552881363313848,0.497197236439691,,,,,2.63357165758046,10.541776850404474,3.246810257838372,0.49688718053157666
LayerWiseDatasetv2Large,pretrained,pool,338,0,82,PolynomialRegression,6,2,,,,3.6109451212622057,3.6109451212622057,,,,,,2.3074757004576156,9.223875900487425,3.037083453000168,0.4345888366301436,,,,,2.371548427082516,8.627923882792116,2.937332783800997,0.39855920736879213
LayerWiseDatasetv2Large,pretrained,pool,338,0,82,PolynomialRegression,6,3,,,,3.6109451212622057,3.6109451212622057,,,,,,3.2409273566123433,19.209676841525493,4.382884534359249,0.5463200665495074,,,,,5.7008874194014965,111.92103999388844,10.57927407688677,0.9175205047809128
LayerWiseDatasetv2Large,pretrained,pool,338,0,82,PolynomialRegression,6,4,,,,3.6109451212622057,3.6109451212622057,,,,,,2.694785546974219,11.410920220298454,3.3780053612003718,0.5130290045940195,,,,,4.299038735494897,44.89522792028678,6.7003901319465555,0.6357824479472385
LayerWiseDatasetv2Large,pretrained,conv,11881,3969,3960,PolynomialRegression,6,4,,,,9.403715692424841,9.403715692424841,,,,,,12.389861977668597,679.2867195668447,26.063129504471345,1.5072311277393424,14.19202524524332,1137.4732588102906,33.72644746797816,1.4707698595201317,12.973511903471625,1904.4544935372599,43.64005606707283,1.7707089099080386
LayerWiseDatasetv2Large,pretrained,dense,1071,360,360,PolynomialRegression,4,4,,,,4.096142571934064,4.096142571934064,,,,,,1.2327799759086482,2.2741607668700423,1.5080320841646713,0.2911773871592574,1.324569537551351,2.6481966376182604,1.6273280669914902,0.31567140539717364,1.1514479946433107,2.679411715105468,1.6368908684165442,0.24973089371806753
LayerWiseDatasetv2Large,pretrained,pool,251,87,82,PolynomialRegression,6,4,,,,15.977993221602736,15.977993221602736,,,,,,3.6077090591380685,23.760456187918614,4.874469836599526,0.6935976955635719,9.111596562903161,792.7965493892052,28.156643077419673,2.38776075470838,7.310191964700302,156.846234981938,12.523826690829685,1.0880025325608156
LayerWiseDatasetv2Large,pretrained,pool,251,87,82,PolynomialRegression,6,4,,,,15.977993221602736,15.977993221602736,,,,,,3.6077090591380685,23.760456187918614,4.874469836599526,0.6935976955635719,9.111596562903161,792.7965493892052,28.156643077419673,2.38776075470838,7.310191964700302,156.846234981938,12.523826690829685,1.0880025325608156
LayerWiseDatasetv2Large,pretrained,pool,338,0,82,PolynomialRegression,6,4,,,,3.6109451212622057,3.6109451212622057,,,,,,2.694785546974219,11.410920220298454,3.3780053612003718,0.5130290045940195,,,,,4.299038735494897,44.89522792028678,6.7003901319465555,0.6357824479472385
LayerWiseDatasetv2Large,pretrained,conv,15850,0,3960,PolynomialRegression,6,4,,,,9.403715692424841,9.403715692424841,,,,,,11.397110294339702,679.4227996588974,26.065739959933946,1.345175779760569,,,,,12.108274078106618,1769.0903718543432,42.06055600980975,1.5495288640109162
LayerWiseDatasetv2Large,pretrained,dense,1431,0,360,PolynomialRegression,4,4,,,,4.096142571934064,4.096142571934064,,,,,,1.2517990193990174,2.3537666175745247,1.534199014982908,0.29693704502674895,,,,,1.151775073794086,2.7355037419539787,1.6539358336870202,0.2524982668469049
LayerWiseDatasetv2Large,pretrained,dense,1431,0,360,PolynomialRegression,4,4,,,,4.096142571934064,4.096142571934064,,,,,,1.2517990193990174,2.3537666175745247,1.534199014982908,0.29693704502674895,,,,,1.151775073794086,2.7355037419539787,1.6539358336870202,0.2524982668469049
LayerWiseDatasetv2Large,pretrained,conv,15850,0,3960,PolynomialRegression,6,4,,,,9.403715692424841,9.403715692424841,,,,,,11.397110294339702,679.4227996588974,26.065739959933946,1.345175779760569,,,,,12.108274078106618,1769.0903718543432,42.06055600980975,1.5495288640109162
LayerWiseDatasetv2Large,pretrained,pool,338,0,82,PolynomialRegression,6,4,,,,3.6109451212622057,3.6109451212622057,,,,,,2.694785546974219,11.410920220298454,3.3780053612003718,0.5130290045940195,,,,,4.299038735494897,44.89522792028678,6.7003901319465555,0.6357824479472385
LayerWiseDatasetv2Large,pretrained,conv,15850,0,3960,PolynomialRegression,7,4,,,,9.403715692424841,9.403715692424841,,,,,,12.012962415641098,674.2367004247096,25.966068251175603,1.3858189426108793,,,,,12.136550174740409,1491.9370952671698,38.62560155217223,1.6016553850078499
LayerWiseDatasetv2Large,pretrained,conv,15850,0,3960,PolynomialRegression,7,4,,,,9.403715692424841,9.403715692424841,,,,,,12.012962415641098,674.2367004247096,25.966068251175603,1.3858189426108793,,,,,12.136550174740409,1491.9370952671698,38.62560155217223,1.6016553850078499
LayerWiseDatasetv2Large,pretrained,conv,15850,0,3960,PolynomialRegression,7,4,,,,9.403715692424841,9.403715692424841,,,,,,17.73678881232977,1295.5514532432821,35.99376964480495,2.2889986072176263,,,,,17.531708930036633,3016.721096925576,54.92468567889648,2.62005632721404
LayerWiseDatasetv2Large,pretrained,dense,1431,0,360,PolynomialRegression,5,4,,,,4.096142571934064,4.096142571934064,,,,,,1.234626707765589,2.294058061066141,1.5146148226747753,0.29256569768037227,,,,,1.1672555262800053,2.74317507279689,1.656253323859877,0.2601087494834138
LayerWiseDatasetv2Large,pretrained,pool,338,0,82,PolynomialRegression,7,4,,,,3.6109451212622057,3.6109451212622057,,,,,,2.66887102254261,11.839945400466494,3.440922172974346,0.4978709765333317,,,,,3.9366820064896193,36.221265102143995,6.018410512929805,0.623036403118122
LayerWiseDatasetv2Large,pretrained,dense,1431,0,360,PolynomialRegression,5,4,,,,4.096142571934064,4.096142571934064,,,,,,1.234626707765589,2.294058061066141,1.5146148226747753,0.29256569768037227,,,,,1.1672555262800053,2.74317507279689,1.656253323859877,0.2601087494834138
LayerWiseDatasetv2Large,pretrained,conv,15850,0,3960,PolynomialRegression,7,4,,,,9.403715692424841,9.403715692424841,,,,,,17.73678881232977,1295.5514532432821,35.99376964480495,2.2889986072176263,,,,,17.531708930036633,3016.721096925576,54.92468567889648,2.62005632721404
LayerWiseDatasetv2Large,pretrained,pool,338,0,82,PolynomialRegression,7,4,,,,3.6109451212622057,3.6109451212622057,,,,,,2.66887102254261,11.839945400466494,3.440922172974346,0.4978709765333317,,,,,3.9366820064896193,36.221265102143995,6.018410512929805,0.623036403118122
LayerWiseDatasetv2Large,pretrained,conv,15850,0,3960,PolynomialRegression,7,4,,,,9.403715692424841,9.403715692424841,,,,,,17.73678881232977,1295.5514532432821,35.99376964480495,2.2889986072176263,,,,,17.531708930036633,3016.721096925576,54.92468567889648,2.62005632721404
LayerWiseDatasetv2Large,pretrained,dense,1431,0,360,PolynomialRegression,5,4,,,,4.096142571934064,4.096142571934064,,,,,,1.234626707765589,2.294058061066141,1.5146148226747753,0.29256569768037227,,,,,1.1672555262800053,2.74317507279689,1.656253323859877,0.2601087494834138
LayerWiseDatasetv2Large,pretrained,pool,338,0,82,PolynomialRegression,7,4,,,,3.6109451212622057,3.6109451212622057,,,,,,2.66887102254261,11.839945400466494,3.440922172974346,0.4978709765333317,,,,,3.9366820064896193,36.221265102143995,6.018410512929805,0.623036403118122
LayerWiseDatasetv2Large,pretrained,inputlayer,159,0,40,PolynomialRegression,3,4,,,,2.737261693333785,2.737261693333785,,,,,,0.791390082689492,0.882447110451324,0.9393865607146634,0.24722611735768418,,,,,0.9959215106595355,3.1402033176207578,1.772061883123938,0.26913961038496487
LayerWiseDatasetv2Large,pretrained,pad,1113,0,209,PolynomialRegression,5,4,,,,5.118443284162682,5.118443284162682,,,,,,5.113432915987337,182.22469461293252,13.499062730905894,1.1291982435816221,,,,,8.944529576953133,692.4651999119498,26.314733513983185,2.249841571303678
LayerWiseDatasetv2Large,pretrained,normalization,12901,0,3141,PolynomialRegression,4,4,,,,10.361349638377792,10.361349638377792,,,,,,2.3176639001732116,13.917044269522636,3.7305554907443255,0.321409924824211,,,,,3.156951444669509,454.80682618800336,21.32620046299864,0.32645189859888263
LayerWiseDatasetv2Large,pretrained,activation,11070,0,2593,PolynomialRegression,3,4,,,,10.249364217036511,10.249364217036511,,,,,,4.083743024628578,109.66939367004049,10.472315583004576,0.8604694854406006,,,,,4.405082691976138,220.19831176437805,14.839080556570142,0.9538275191975153
LayerWiseDatasetv2Large,pretrained,rescaling,61,0,18,PolynomialRegression,3,4,,,,6.201369670412275,6.201369670412275,,,,,,1.1924857667182562,2.1436524766415386,1.4641217424249728,0.20649198217675013,,,,,1.3312404342600759,2.453914134687678,1.5664974097290036,0.23746020288552608
LayerWiseDatasetv2Large,pretrained,reshape,1379,0,408,PolynomialRegression,4,4,,,,8.794659942676677,8.794659942676677,,,,,,1.49437519078964,3.4028471688488238,1.8446807769499913,0.24760399644267683,,,,,1.3619835319213298,2.8996785202162663,1.702844244262013,0.23275047881094332
LayerWiseDatasetv2Large,pretrained,dropout,1208,0,341,PolynomialRegression,4,4,,,,4.377922174731096,4.377922174731096,,,,,,0.9655130938400475,1.3371873109015344,1.1563681554338716,0.2655908787543678,,,,,0.8554499890218111,1.229424486309474,1.1087941586739507,0.2615120047321029
LayerWiseDatasetv2Large,pretrained,add,2937,0,601,PolynomialRegression,3,4,,,,3.4015625222524,3.4015625222524,,,,,,1.5120732982497782,3.3051195672128877,1.8179987808612215,0.31458109920413274,,,,,1.8384665600116237,34.40098496797832,5.865235286668244,0.2952122584301253
LayerWiseDatasetv2Large,pretrained,multiply,1379,0,408,PolynomialRegression,3,4,,,,5.4168629434535465,5.4168629434535465,,,,,,1.5099554859255078,4.060503713476905,2.0150691584848657,0.359427190642145,,,,,1.620527372611437,5.389185001183264,2.3214618241925202,0.3874481001440728
LayerWiseDatasetv2Large,pretrained,concatenate,1027,0,368,PolynomialRegression,3,4,,,,7.133023878007887,7.133023878007887,,,,,,1.1787903184975557,3.127381809670133,1.768440502157235,0.299468873768865,,,,,1.4501453029782045,13.998876080668321,3.7415071937213114,0.38606271518941715
LayerWiseDatasetv2Large,pretrained,dense,1431,0,360,PolynomialRegression,4,4,,,,4.096142571934064,4.096142571934064,,,,,,1.4074440153115626,2.734875287671026,1.6537458352694425,0.2977577614528067,,,,,1.4269700005921278,3.4220463438158717,1.8498773861572209,0.2842122952209286
LayerWiseDatasetv2Large,pretrained,dense,1431,0,360,PolynomialRegression,4,1,,,,4.096142571934064,4.096142571934064,,,,,,1.4275846140646913,2.785953980502628,1.6691177251777742,0.30129525307058774,,,,,1.4410905013744013,3.5035536544417134,1.8717782065302806,0.2845037830493862
LayerWiseDatasetv2Large,pretrained,dense,1431,0,360,PolynomialRegression,4,2,,,,4.096142571934064,4.096142571934064,,,,,,1.4194002584217655,2.7672942001228478,1.6635186203114312,0.3001624255987622,,,,,1.4507784971627726,3.4973747853457975,1.8701269436446815,0.28825884739818136
LayerWiseDatasetv2Large,pretrained,dense,1431,0,360,PolynomialRegression,4,3,,,,4.096142571934064,4.096142571934064,,,,,,1.4174649782660298,2.7594064098544266,1.6611461133369414,0.299964969086929,,,,,1.4539889609975092,3.5370741785841613,1.8807110832300002,0.28956360815116683
LayerWiseDatasetv2Large,pretrained,dense,1431,0,360,PolynomialRegression,4,4,,,,4.096142571934064,4.096142571934064,,,,,,1.4074440153115626,2.734875287671026,1.6537458352694425,0.2977577614528067,,,,,1.4269700005921278,3.4220463438158717,1.8498773861572209,0.2842122952209286
LayerWiseDatasetv2Large,pretrained,conv,15850,0,3960,PolynomialRegression,6,1,,,,9.403715692424841,9.403715692424841,,,,,,14.664664029796747,1127.5216732912659,33.578589507173554,1.5895045519341062,,,,,14.340496704072931,2532.2902374061223,50.321866394303406,1.9635933456920371
LayerWiseDatasetv2Large,pretrained,conv,15850,0,3960,PolynomialRegression,6,2,,,,9.403715692424841,9.403715692424841,,,,,,13.06360470686706,823.6636779302667,28.699541423692935,1.6220602700811004,,,,,13.085897404403479,2311.7497362041013,48.08065864985734,1.825818105813424
LayerWiseDatasetv2Large,pretrained,conv,15850,0,3960,PolynomialRegression,6,3,,,,9.403715692424841,9.403715692424841,,,,,,11.38191034392492,637.4429396226632,25.247632356770865,1.2605448963847365,,,,,11.529530595182425,2193.2807379228384,46.83247524872925,1.4111062354865598
LayerWiseDatasetv2Large,pretrained,conv,15850,0,3960,PolynomialRegression,6,4,,,,9.403715692424841,9.403715692424841,,,,,,11.59228662084682,713.5877266789215,26.713062847208693,1.3124200749362709,,,,,11.843153441950582,1986.7696175326782,44.57319393461364,1.5428601719660082
LayerWiseDatasetv2Large,pretrained,pool,338,0,82,PolynomialRegression,6,1,,,,3.6109451212622057,3.6109451212622057,,,,,,3.110698645848434,16.38394124131726,4.0477081467562925,0.6206812667003945,,,,,3.0950197040363636,13.807935355768802,3.7159030336876127,0.5890478313956801
LayerWiseDatasetv2Large,pretrained,pool,338,0,82,PolynomialRegression,6,2,,,,3.6109451212622057,3.6109451212622057,,,,,,2.7607286896205623,13.518536433928583,3.6767562380349044,0.5555343238584464,,,,,2.9757449688956323,14.26755821905972,3.777242144615529,0.5528340197342378
LayerWiseDatasetv2Large,pretrained,pool,338,0,82,PolynomialRegression,6,3,,,,3.6109451212622057,3.6109451212622057,,,,,,3.399799531333605,20.60780621852985,4.5395821634297855,0.7666760110808715,,,,,3.403368628072887,18.107824465908866,4.2553289492010915,0.6400534074836235
LayerWiseDatasetv2Large,pretrained,pool,338,0,82,PolynomialRegression,6,4,,,,3.6109451212622057,3.6109451212622057,,,,,,3.811921063080457,30.921940487734638,5.560749993277403,0.71925151061545,,,,,4.331405888396121,41.35076596161197,6.430456123916247,0.8075277446559884
LayerWiseDatasetv2Large,pretrained,inputlayer,159,0,40,PolynomialRegression,2,1,,,,2.737261693333785,2.737261693333785,,,,,,0.8841839432174518,1.0478991594164757,1.023669458085214,0.25481900939017654,,,,,1.011549464691319,3.1453127536174614,1.7735029612654898,0.2551931144574718
LayerWiseDatasetv2Large,pretrained,inputlayer,159,0,40,PolynomialRegression,2,2,,,,2.737261693333785,2.737261693333785,,,,,,0.8831819780535441,1.0466789214777825,1.0230732727804899,0.25490433324740636,,,,,1.0124172556301105,3.1332816187794466,1.770107798632458,0.25687685853417636
LayerWiseDatasetv2Large,pretrained,inputlayer,159,0,40,PolynomialRegression,2,3,,,,2.737261693333785,2.737261693333785,,,,,,0.8792722119812947,1.038093673159309,1.0188688203882328,0.25323823122721295,,,,,1.0256074482234514,3.21810595586584,1.7939080120970081,0.2618519756587422
LayerWiseDatasetv2Large,pretrained,inputlayer,159,0,40,PolynomialRegression,2,4,,,,2.737261693333785,2.737261693333785,,,,,,0.8695141726833089,1.026413233327773,1.013120542348132,0.2527908878862633,,,,,1.035826762592647,3.2711218533887845,1.8086242985730299,0.26329126960347365
LayerWiseDatasetv2Large,pretrained,pad,1113,0,209,PolynomialRegression,4,4,,,,5.118443284162682,5.118443284162682,,,,,,7.280281412731865,316.9037412521428,17.80179039456826,1.897066357621208,,,,,13.78743869231355,1922.1632454964722,43.84248220044655,3.5545556608332505
LayerWiseDatasetv2Large,pretrained,normalization,12901,0,3141,PolynomialRegression,3,4,,,,10.361349638377792,10.361349638377792,,,,,,2.8217849256895113,17.41763819641246,4.173444404375415,0.3839379583385831,,,,,3.7029158670462192,487.7290760017549,22.084589106473203,0.4277964790331712
LayerWiseDatasetv2Large,pretrained,activation,11070,0,2593,PolynomialRegression,2,4,,,,10.249364217036511,10.249364217036511,,,,,,4.529445783054754,156.3677455216035,12.5047089339018,0.9015722962863683,,,,,4.944230543599597,260.2060494194277,16.13090355248049,0.8318119201824501
LayerWiseDatasetv2Large,pretrained,rescaling,61,0,18,PolynomialRegression,2,4,,,,6.201369670412275,6.201369670412275,,,,,,2.5542587018968934,8.743601506288508,2.9569581509193714,0.49890615782196523,,,,,3.1044171416196042,11.356916774452825,3.3700024887903015,0.6358684949896181
LayerWiseDatasetv2Large,pretrained,reshape,1379,0,408,PolynomialRegression,3,4,,,,8.794659942676677,8.794659942676677,,,,,,1.8124627569112308,4.600178939194393,2.1448027739618376,0.2792199697349966,,,,,1.771873154551909,4.521730932583024,2.1264362046821494,0.29564200723255024
LayerWiseDatasetv2Large,pretrained,dropout,1208,0,341,PolynomialRegression,3,4,,,,4.377922174731096,4.377922174731096,,,,,,1.0724999983210814,1.5717607043549926,1.2536988092660026,0.2819641982426607,,,,,1.0013399781072123,1.3655717235487042,1.1685767940313996,0.2875953987324816
LayerWiseDatasetv2Large,pretrained,add,2937,0,601,PolynomialRegression,2,4,,,,3.4015625222524,3.4015625222524,,,,,,1.8459955692975782,4.844995892078829,2.2011351371687358,0.39748928028543995,,,,,2.020531902994565,37.63478648742314,6.134719756225474,0.34740334368861236
LayerWiseDatasetv2Large,pretrained,multiply,1379,0,408,PolynomialRegression,2,4,,,,5.4168629434535465,5.4168629434535465,,,,,,2.032661574587078,6.663380677146769,2.5813524899065547,0.4633121740336034,,,,,2.196367126267957,7.787817535687025,2.7906661455084563,0.6039208146470149
LayerWiseDatasetv2Large,pretrained,concatenate,1027,0,368,PolynomialRegression,2,4,,,,7.133023878007887,7.133023878007887,,,,,,1.5803223010618626,5.069593766073483,2.2515758406221815,0.4082088634010936,,,,,1.869127580524936,6.557846386385519,2.5608292380370696,0.4557003689733308
LayerWiseDatasetv2Large,pretrained,dense,1431,0,360,PolynomialRegression,4,1,,,,4.096142571934064,4.096142571934064,,,,,,1.3268708309445,2.5898147318168645,1.6092901328899225,0.29510593908441407,,,,,1.2442604474688599,2.860398537544629,1.6912712785193948,0.24870085919301732
LayerWiseDatasetv2Large,pretrained,conv,15850,0,3960,PolynomialRegression,6,1,,,,9.403715692424841,9.403715692424841,,,,,,14.3447452988941,1103.556785082606,33.21982518139742,1.524645328728319,,,,,13.901781466973729,2492.919106488554,49.92914085470081,1.7064667004507212
LayerWiseDatasetv2Large,pretrained,pool,338,0,82,PolynomialRegression,6,1,,,,3.6109451212622057,3.6109451212622057,,,,,,2.6696345776756774,12.622965981782869,3.552881363313848,0.497197236439691,,,,,2.63357165758046,10.541776850404474,3.246810257838372,0.49688718053157666
LayerWiseDatasetv2Large,pretrained,inputlayer,159,0,40,PolynomialRegression,2,1,,,,2.737261693333785,2.737261693333785,,,,,,0.816817751481574,0.9837006728309855,0.9918168544801936,0.2522952213064677,,,,,0.8767001336762205,2.8167689673836467,1.678323260693138,0.23523919624861178
LayerWiseDatasetv2Large,pretrained,pad,1113,0,209,PolynomialRegression,4,1,,,,5.118443284162682,5.118443284162682,,,,,,4.663425440627191,297.0984928779018,17.2365452709614,0.6451722937610755,,,,,4.460900575776842,91.88139461576205,9.585478319612541,0.8610011256202619
LayerWiseDatasetv2Large,pretrained,normalization,12901,0,3141,PolynomialRegression,3,1,,,,10.361349638377792,10.361349638377792,,,,,,2.321829369935023,15.75832034987367,3.9696750937417624,0.34472157287277844,,,,,3.0057312796526543,503.20976267232595,22.432337432205454,0.3098874410746673
LayerWiseDatasetv2Large,pretrained,activation,11070,0,2593,PolynomialRegression,2,1,,,,10.249364217036511,10.249364217036511,,,,,,4.679330907693413,178.88613042547885,13.374831977467188,0.8739272679285164,,,,,4.815447796525059,198.6256959570175,14.093462880251167,0.816684669639069
LayerWiseDatasetv2Large,pretrained,rescaling,61,0,18,PolynomialRegression,2,1,,,,6.201369670412275,6.201369670412275,,,,,,1.6055048290128124,4.038704826439583,2.0096529119327005,0.2545033910363605,,,,,1.3782364472068538,2.8871702326726423,1.6991675116575888,0.2655767175652136
LayerWiseDatasetv2Large,pretrained,reshape,1379,0,408,PolynomialRegression,3,1,,,,8.794659942676677,8.794659942676677,,,,,,1.7518676570465441,4.452208518223621,2.1100257150621697,0.270841655785918,,,,,1.505626309160906,3.792470838668473,1.9474267222846853,0.253519482340467
LayerWiseDatasetv2Large,pretrained,dropout,1208,0,341,PolynomialRegression,3,1,,,,4.377922174731096,4.377922174731096,,,,,,1.021546254392994,1.4752774761975151,1.214610009919857,0.27503110819915755,,,,,0.8654093428124253,1.1682296071770568,1.08084670845456,0.24628803500209548
LayerWiseDatasetv2Large,pretrained,add,2937,0,601,PolynomialRegression,2,1,,,,3.4015625222524,3.4015625222524,,,,,,1.558204503579144,3.9217703479594013,1.9803460172301712,0.3579421797278134,,,,,1.8191233359872574,35.17994241427323,5.9312681961173555,0.31056524026838944
LayerWiseDatasetv2Large,pretrained,multiply,1379,0,408,PolynomialRegression,2,1,,,,5.4168629434535465,5.4168629434535465,,,,,,1.781140929592652,5.905524430372637,2.4301284802192327,0.4144184244129494,,,,,1.595873256287617,4.651335532772872,2.156695512299516,0.36537293830727197
LayerWiseDatasetv2Large,pretrained,concatenate,1027,0,368,PolynomialRegression,2,1,,,,7.133023878007887,7.133023878007887,,,,,,1.4145603052748106,4.880192821463764,2.209115846094035,0.3433743845702617,,,,,1.1358095470798835,4.168468596132044,2.0416827853836756,0.21967000529011677
LayerWiseDatasetv2Small,pretrained,dense,21,0,7,PolynomialRegression,4,1,,,,2.9901744427712957,2.9901744427712957,,,,,,0.22077576584074418,0.08383701807684048,0.28954622787534373,0.09010343550164071,,,,,0.18665842621940307,0.055141403350052,0.23482206742564038,0.04005136109761142
LayerWiseDatasetv2Small,pretrained,dense,21,0,7,PolynomialRegression,4,2,,,,2.9901744427712957,2.9901744427712957,,,,,,0.1442625120295999,0.03017627169843385,0.17371318803831173,0.053763735006524774,,,,,0.2501100474834637,0.1602198962844956,0.4002747759783217,0.08241175151670792
LayerWiseDatasetv2Small,pretrained,dense,21,0,7,PolynomialRegression,4,3,,,,2.9901744427712957,2.9901744427712957,,,,,,0.13464357225128118,0.028447690375926853,0.16866443127087244,0.052378740137633495,,,,,0.2390022533176941,0.15926015708637561,0.3990741248018664,0.08094561602797391
LayerWiseDatasetv2Small,pretrained,dense,21,0,7,PolynomialRegression,4,4,,,,2.9901744427712957,2.9901744427712957,,,,,,0.13146024479615748,0.027668312463704228,0.16633794655370804,0.05178511983042996,,,,,0.23614953635848535,0.15814167300818607,0.397670306922941,0.0800837780956703
LayerWiseDatasetv2Small,pretrained,conv,2077,0,428,PolynomialRegression,6,1,,,,1.7252215173563428,1.7252215173563428,,,,,,0.6248006486245881,0.6505716387534515,0.8065802122253257,0.2860658644223061,,,,,0.785695771032477,0.8324848247150112,0.9124060635018879,0.3643364677788342
LayerWiseDatasetv2Small,pretrained,conv,2077,0,428,PolynomialRegression,6,2,,,,1.7252215173563428,1.7252215173563428,,,,,,0.49964440208473876,0.4255441029750883,0.6523374149740978,0.22898132379737518,,,,,0.6121611787316191,0.6226631247343062,0.7890900612314834,0.3001957991501053
LayerWiseDatasetv2Small,pretrained,conv,2077,0,428,PolynomialRegression,6,3,,,,1.7252215173563428,1.7252215173563428,,,,,,0.38357110004707706,0.2697257514178614,0.5193512794033163,0.18383465979959304,,,,,0.4162794129454697,0.33970059635278316,0.5828383964297335,0.21350777509004967
LayerWiseDatasetv2Small,pretrained,conv,2077,0,428,PolynomialRegression,6,4,,,,1.7252215173563428,1.7252215173563428,,,,,,0.5113314149570276,0.4648191783960208,0.6817764871246447,0.25818357216049315,,,,,0.5093708962095514,0.5974111896790376,0.7729237929311257,0.3273660979942708
LayerWiseDatasetv2Small,pretrained,pool,47,0,9,PolynomialRegression,6,1,,,,1.5791126853263378,1.5791126853263378,,,,,,0.09644446473234826,0.01907720090882341,0.13812024076442747,0.07780263745538137,,,,,0.09824125869269884,0.014455056706191485,0.12022918408685757,0.07101911498088075
LayerWiseDatasetv2Small,pretrained,pool,47,0,9,PolynomialRegression,6,2,,,,1.5791126853263378,1.5791126853263378,,,,,,0.09356161422412236,0.01638627758623257,0.12800889651204939,0.07535295481467173,,,,,0.14497069649133587,0.04565611756656384,0.21367292193107634,0.13908120077720296
LayerWiseDatasetv2Small,pretrained,pool,47,0,9,PolynomialRegression,6,3,,,,1.5791126853263378,1.5791126853263378,,,,,,0.05087456725339254,0.008850923038408762,0.09407934437701382,0.056596735635742725,,,,,0.5316887424828013,2.037745030715608,1.4274960702977812,0.9903195221246889
LayerWiseDatasetv2Small,pretrained,pool,47,0,9,PolynomialRegression,6,4,,,,1.5791126853263378,1.5791126853263378,,,,,,0.04689948339552981,0.008703932410245193,0.09329486808096785,0.055961208180482204,,,,,1.1374992182308588,10.52103297573769,3.243614184168285,2.2506440895551716
LayerWiseDatasetv2Small,pretrained,inputlayer,20,0,5,PolynomialRegression,2,1,,,,0.9615247124984528,0.9615247124984528,,,,,,0.08876028458845736,0.02302319694472081,0.15173396766947345,0.10578127836195961,,,,,0.052925287738535685,0.002983660184950284,0.054622890668201404,0.0545750327331237
LayerWiseDatasetv2Small,pretrained,inputlayer,20,0,5,PolynomialRegression,2,2,,,,0.9615247124984528,0.9615247124984528,,,,,,0.08598343976149095,0.02188469962866139,0.14793478167307847,0.10848381437193488,,,,,0.03931987477216743,0.002438692172603751,0.049383116270682544,0.04680182297339607
LayerWiseDatasetv2Small,pretrained,inputlayer,20,0,5,PolynomialRegression,2,3,,,,0.9615247124984528,0.9615247124984528,,,,,,0.08182678646566008,0.02155468082024388,0.1468151246304136,0.10822205746905765,,,,,0.03714905460242139,0.0024877597680443594,0.04987744748926472,0.046851871573678545
LayerWiseDatasetv2Small,pretrained,inputlayer,20,0,5,PolynomialRegression,2,4,,,,0.9615247124984528,0.9615247124984528,,,,,,0.0816064144541207,0.021774276727150176,0.14756109489682628,0.10817327572134312,,,,,0.036911037336999894,0.0024358253971229113,0.049354081868908384,0.04642694786306812
LayerWiseDatasetv2Small,pretrained,pad,147,0,11,PolynomialRegression,4,1,,,,2.164331132287264,2.164331132287264,,,,,,0.03672640376781383,0.0064849313849083354,0.08052907167544113,0.030860984372565854,,,,,0.02679757550534526,0.0020793094129999065,0.045599445314607794,0.019931104746729763
LayerWiseDatasetv2Small,pretrained,pad,147,0,11,PolynomialRegression,4,2,,,,2.164331132287264,2.164331132287264,,,,,,0.04103017246713265,0.004704748032651186,0.06859116584991967,0.02843296882921179,,,,,0.09325407758033682,0.01624252096508155,0.12744614927521958,0.05654303912983396
LayerWiseDatasetv2Small,pretrained,pad,147,0,11,PolynomialRegression,4,3,,,,2.164331132287264,2.164331132287264,,,,,,0.03521439878890985,0.0027769131286897444,0.052696424249561225,0.023089386522912772,,,,,0.08502270776987056,0.013088889670154468,0.11440668542595957,0.051186934390810776
LayerWiseDatasetv2Small,pretrained,pad,147,0,11,PolynomialRegression,4,4,,,,2.164331132287264,2.164331132287264,,,,,,0.04586477638433755,0.006074780062417908,0.07794087542758234,0.035345587854750504,,,,,0.5353432483813134,1.433985033945049,1.1974911414891758,0.5204495959537631
LayerWiseDatasetv2Small,pretrained,normalization,1622,0,345,PolynomialRegression,3,1,,,,3.4082729255874953,3.4082729255874953,,,,,,0.11191413152770172,0.038158251513706345,0.19534137174113,0.05587683849239436,,,,,0.07225768378682562,0.029837903593614733,0.1727365149399939,0.10806909953354484
LayerWiseDatasetv2Small,pretrained,normalization,1622,0,345,PolynomialRegression,3,2,,,,3.4082729255874953,3.4082729255874953,,,,,,0.11149241195968286,0.03813070426801629,0.195270848484909,0.05587236367588166,,,,,0.07186142006045464,0.02967812350757426,0.17227339756205617,0.10783391525854095
LayerWiseDatasetv2Small,pretrained,normalization,1622,0,345,PolynomialRegression,3,3,,,,3.4082729255874953,3.4082729255874953,,,,,,0.11274698924798889,0.03782959905879617,0.19449832662209762,0.055641558760275496,,,,,0.06845318274984194,0.029469472986109885,0.17166674979771093,0.10741225360578155
LayerWiseDatasetv2Small,pretrained,normalization,1622,0,345,PolynomialRegression,3,4,,,,3.4082729255874953,3.4082729255874953,,,,,,0.11204430763787562,0.03755093140779512,0.19378062701878926,0.055385674327619906,,,,,0.06798878913519511,0.02953305363149479,0.17185183627617945,0.10730339539704747
LayerWiseDatasetv2Small,pretrained,activation,1402,0,285,PolynomialRegression,2,1,,,,1.2063340386600296,1.2063340386600296,,,,,,0.6888118506931362,0.6323384545124731,0.7951971167656942,0.3916353652045433,,,,,0.6730614483392742,0.5829683408886704,0.7635236347937571,0.3816502634741946
LayerWiseDatasetv2Small,pretrained,activation,1402,0,285,PolynomialRegression,2,2,,,,1.2063340386600296,1.2063340386600296,,,,,,0.668516839301672,0.6135654368301056,0.7833041789944093,0.38945631510943834,,,,,0.6924382071732983,0.6345324351148138,0.7965754421991766,0.40858747455233835
LayerWiseDatasetv2Small,pretrained,activation,1402,0,285,PolynomialRegression,2,3,,,,1.2063340386600296,1.2063340386600296,,,,,,0.6268270342408302,0.5677613345828402,0.7534993925563843,0.3875085114855576,,,,,0.7219704323578066,0.6589362859127639,0.8117489057046914,0.4711438139128913
LayerWiseDatasetv2Small,pretrained,activation,1402,0,285,PolynomialRegression,2,4,,,,1.2063340386600296,1.2063340386600296,,,,,,0.5965175832003234,0.5469051519809569,0.739530359066453,0.38551891504961494,,,,,0.7262225369185658,0.7100604963917154,0.8426508745570228,0.511716986068553
LayerWiseDatasetv2Small,pretrained,rescaling,9,0,2,PolynomialRegression,2,1,,,,2.0889446876239774,2.0889446876239774,,,,,,0.07737554826878612,0.008629933262229925,0.09289743409927921,0.043490331823238325,,,,,0.056128094837551545,0.0035784965251434227,0.059820535981746456,0.029226127462304678
LayerWiseDatasetv2Small,pretrained,rescaling,9,0,2,PolynomialRegression,2,2,,,,2.0889446876239774,2.0889446876239774,,,,,,0.04892092152081161,0.003566079420430474,0.05971665948820709,0.02904191120681197,,,,,0.057829173293117986,0.0034319797337662187,0.05858310109379853,0.028736779530586946
LayerWiseDatasetv2Small,pretrained,rescaling,9,0,2,PolynomialRegression,2,3,,,,2.0889446876239774,2.0889446876239774,,,,,,0.037376708863763666,0.0018459968891411983,0.042965065915708756,0.021264571803252624,,,,,0.016056979923731562,0.00026846971784192525,0.016385045555076288,0.008105178444903851
LayerWiseDatasetv2Small,pretrained,rescaling,9,0,2,PolynomialRegression,2,4,,,,2.0889446876239774,2.0889446876239774,,,,,,0.03778012292107914,0.0018862127791459482,0.0434305512185368,0.02149282831339231,,,,,0.01647071794837096,0.00028587356323239407,0.01690779593064673,0.008368690480635136
LayerWiseDatasetv2Small,pretrained,reshape,220,0,35,PolynomialRegression,3,1,,,,3.9911975628867156,3.9911975628867156,,,,,,0.10668065681364687,0.03127371751818852,0.1768437658448511,0.03932575053758347,,,,,0.03223992747731085,0.0019246345233791219,0.043870656746612786,0.010706899385963276
LayerWiseDatasetv2Small,pretrained,reshape,220,0,35,PolynomialRegression,3,2,,,,3.9911975628867156,3.9911975628867156,,,,,,0.10581690524221243,0.03120512503029477,0.1766497241161015,0.03924991925778597,,,,,0.029979193082226897,0.001743409226425071,0.0417541522057995,0.010206548839968462
LayerWiseDatasetv2Small,pretrained,reshape,220,0,35,PolynomialRegression,3,3,,,,3.9911975628867156,3.9911975628867156,,,,,,0.10585193721764535,0.031099142792067797,0.17634949047861692,0.03920710614282958,,,,,0.028525131557028682,0.0016039755025881739,0.040049662952241855,0.009807284907008206
LayerWiseDatasetv2Small,pretrained,reshape,220,0,35,PolynomialRegression,3,4,,,,3.9911975628867156,3.9911975628867156,,,,,,0.10590500299140983,0.031051377445674055,0.17621401035580017,0.039201353268272524,,,,,0.02963865286117189,0.0016140841662880803,0.040175666345290156,0.009846543899324696
LayerWiseDatasetv2Small,pretrained,dropout,157,0,32,PolynomialRegression,3,1,,,,1.4906092590940527,1.4906092590940527,,,,,,0.031940655338988766,0.005165010829150185,0.07186800977590924,0.10373151793089497,,,,,0.033424558024666824,0.0013720930528322746,0.03704177442877534,0.026843603658098552
LayerWiseDatasetv2Small,pretrained,dropout,157,0,32,PolynomialRegression,3,2,,,,1.4906092590940527,1.4906092590940527,,,,,,0.03260293780163645,0.005155662723158035,0.07180294369423885,0.10314182140676842,,,,,0.03349173294814361,0.0014049786736981106,0.037483045149748845,0.027162685394063742
LayerWiseDatasetv2Small,pretrained,dropout,157,0,32,PolynomialRegression,3,3,,,,1.4906092590940527,1.4906092590940527,,,,,,0.03354730733912713,0.005089829026021252,0.0713430376842846,0.10160045413207716,,,,,0.0319549433939493,0.0013610244953373703,0.036892065479414,0.026731700790729254
LayerWiseDatasetv2Small,pretrained,dropout,157,0,32,PolynomialRegression,3,4,,,,1.4906092590940527,1.4906092590940527,,,,,,0.03407117814099223,0.00506259354298987,0.07115190470387894,0.10099136795146889,,,,,0.02966607294719336,0.0012368346079506243,0.035168659456263386,0.025477937950345305
LayerWiseDatasetv2Small,pretrained,add,407,0,40,PolynomialRegression,2,1,,,,1.6365132838185628,1.6365132838185628,,,,,,0.04026208863197964,0.003327862099619881,0.05768762518616866,0.036337520618242296,,,,,0.021051102566614376,0.0006036189298606855,0.024568657469643828,0.01663485719638235
LayerWiseDatasetv2Small,pretrained,add,407,0,40,PolynomialRegression,2,2,,,,1.6365132838185628,1.6365132838185628,,,,,,0.03989689673114062,0.0032923781011554927,0.057379248000958435,0.03614649783359043,,,,,0.01809913876663703,0.0004903231537615922,0.022143241717544254,0.014948038714458827
LayerWiseDatasetv2Small,pretrained,add,407,0,40,PolynomialRegression,2,3,,,,1.6365132838185628,1.6365132838185628,,,,,,0.03997196402141684,0.0032091914870630406,0.056649726275270214,0.035819683275463754,,,,,0.014846799989932307,0.00039636396934912614,0.01990889171574164,0.013294472836793409
LayerWiseDatasetv2Small,pretrained,add,407,0,40,PolynomialRegression,2,4,,,,1.6365132838185628,1.6365132838185628,,,,,,0.03963514091349046,0.003116890136247925,0.05582911548867602,0.035414973654726435,,,,,0.01563808558305586,0.00046273702023976495,0.021511323070414916,0.014330040327217106
LayerWiseDatasetv2Small,pretrained,multiply,219,0,35,PolynomialRegression,2,1,,,,1.5114833229303493,1.5114833229303493,,,,,,0.04639276929279943,0.005763365395638169,0.07591683209696101,0.04389418240103507,,,,,0.024662512859416584,0.000976882035723044,0.0312551121534229,0.02120260551232218
LayerWiseDatasetv2Small,pretrained,multiply,219,0,35,PolynomialRegression,2,2,,,,1.5114833229303493,1.5114833229303493,,,,,,0.04662998133787208,0.005756081004942366,0.07586884080399783,0.04393393575436511,,,,,0.024365354219811345,0.0009666991867273501,0.03109178648336808,0.02108190603253554
LayerWiseDatasetv2Small,pretrained,multiply,219,0,35,PolynomialRegression,2,3,,,,1.5114833229303493,1.5114833229303493,,,,,,0.04665627247996728,0.0057557696870677395,0.0758667890915896,0.04393688576500262,,,,,0.02422355341818022,0.0009631833926055102,0.031035196029758055,0.021044401009751877
LayerWiseDatasetv2Small,pretrained,multiply,219,0,35,PolynomialRegression,2,4,,,,1.5114833229303493,1.5114833229303493,,,,,,0.046728772105938024,0.005753103478832978,0.07584921541343047,0.043944954648604456,,,,,0.02456252144594409,0.0009723358880809746,0.031182300878558892,0.02112790683848578
LayerWiseDatasetv2Small,pretrained,concatenate,73,0,82,PolynomialRegression,2,1,,,,1.8737776395461954,1.8737776395461954,,,,,,0.059423467593813326,0.007212921009479167,0.08492891739260054,0.04726282339448409,,,,,0.04008409493696291,0.0023758773864950896,0.048742972688328,0.030186540562708777
LayerWiseDatasetv2Small,pretrained,concatenate,73,0,82,PolynomialRegression,2,2,,,,1.8737776395461954,1.8737776395461954,,,,,,0.060103174833626496,0.007145238982180232,0.08452951544981334,0.04710409073690046,,,,,0.04052856338413427,0.0023033073091087144,0.04799278392746887,0.02974893528933978
LayerWiseDatasetv2Small,pretrained,concatenate,73,0,82,PolynomialRegression,2,3,,,,1.8737776395461954,1.8737776395461954,,,,,,0.059709467334694934,0.007133612773787951,0.08446071734118739,0.047091820375893476,,,,,0.04012788284702377,0.0022872936894634773,0.04782565932073992,0.029637065602278443
LayerWiseDatasetv2Small,pretrained,concatenate,73,0,82,PolynomialRegression,2,4,,,,1.8737776395461954,1.8737776395461954,,,,,,0.05821197974123561,0.006796772770100043,0.08244254223457718,0.04602232010470998,,,,,0.03765808611683769,0.002179665176979441,0.04668688442142441,0.02898197400917734
LayerWiseDatasetv2Small,pretrained,dense,21,0,7,PolynomialRegression,5,2,,,,2.9901744427712957,2.9901744427712957,,,,,,0.13947077679755884,0.029082757966344356,0.17053667630848315,0.05272116865705517,,,,,0.2765176137389801,0.16605457681544372,0.40749794700764286,0.08799487726952535
LayerWiseDatasetv2Small,pretrained,dense,21,0,7,PolynomialRegression,5,1,,,,2.9901744427712957,2.9901744427712957,,,,,,0.18604570615770286,0.06060345278550255,0.2461776853930968,0.07662458285515764,,,,,0.279518194309703,0.1057215464169609,0.3251484990230785,0.08054734036518808
LayerWiseDatasetv2Small,pretrained,dense,21,0,7,PolynomialRegression,5,2,,,,2.9901744427712957,2.9901744427712957,,,,,,0.13947077679755884,0.029082757966344356,0.17053667630848315,0.05272116865705517,,,,,0.2765176137389801,0.16605457681544372,0.40749794700764286,0.08799487726952535
LayerWiseDatasetv2Small,pretrained,dense,21,0,7,PolynomialRegression,5,3,,,,2.9901744427712957,2.9901744427712957,,,,,,0.11441493403178808,0.024984494994744866,0.15806484427204193,0.0491207830539875,,,,,1.876926954364348,18.902892577193423,4.347745689112166,0.3448092739690162
LayerWiseDatasetv2Small,pretrained,dense,21,0,7,PolynomialRegression,5,4,,,,2.9901744427712957,2.9901744427712957,,,,,,0.07612484731785416,0.01806534489382507,0.13440738407477867,0.04192299072436346,,,,,81.38451961533848,26480.778143894913,162.72915578928968,18.432749226073565
LayerWiseDatasetv2Small,pretrained,conv,2077,0,428,PolynomialRegression,7,1,,,,1.7252215173563428,1.7252215173563428,,,,,,0.6228797474553605,0.6395549074760097,0.7997217687896271,0.2876066550922624,,,,,0.7280933357847872,0.7169179358035136,0.8467100659632633,0.3529608252681292
LayerWiseDatasetv2Small,pretrained,conv,2077,0,428,PolynomialRegression,7,2,,,,1.7252215173563428,1.7252215173563428,,,,,,0.8205123879739052,1.3881247438082012,1.178187058071935,0.4160212213108487,,,,,1.20072191263589,2.1244632071588714,1.457553843656855,0.5849040799605727
LayerWiseDatasetv2Small,pretrained,conv,2077,0,428,PolynomialRegression,7,3,,,,1.7252215173563428,1.7252215173563428,,,,,,0.36013129221848633,0.22773658183250367,0.4772175414132465,0.1794001830397362,,,,,0.4253434616860961,0.29196391366382984,0.54033685203198,0.20864184373937575
LayerWiseDatasetv2Small,pretrained,conv,2077,0,428,PolynomialRegression,7,4,,,,1.7252215173563428,1.7252215173563428,,,,,,0.32047840955231643,0.18513544432856047,0.430273685377761,0.16598672563953473,,,,,0.42693133089793667,0.432697903592867,0.6577977680053855,0.2562886553608533
LayerWiseDatasetv2Small,pretrained,pool,47,0,9,PolynomialRegression,7,1,,,,1.5791126853263378,1.5791126853263378,,,,,,0.08505418390042616,0.011618258231617253,0.10778802452785399,0.0635788141282366,,,,,0.08833566897485495,0.00897958853941361,0.09476069089772197,0.05798278753982754
LayerWiseDatasetv2Small,pretrained,pool,47,0,9,PolynomialRegression,7,2,,,,1.5791126853263378,1.5791126853263378,,,,,,0.05673519324433919,0.005135969814604262,0.07166568087030403,0.04358535922635847,,,,,0.18423869211268984,0.0573193598148678,0.23941461905002334,0.15977758143885804
LayerWiseDatasetv2Small,pretrained,pool,47,0,9,PolynomialRegression,7,3,,,,1.5791126853263378,1.5791126853263378,,,,,,0.012775628567565363,0.000584115795979415,0.02416848766429987,0.0160339882935363,,,,,0.4813177540451032,1.1901570123918017,1.090943175601645,0.7550948410811825
LayerWiseDatasetv2Small,pretrained,pool,47,0,9,PolynomialRegression,7,4,,,,1.5791126853263378,1.5791126853263378,,,,,,0.006321155572045154,0.0004073719699082106,0.020183457828335822,0.013083970996007678,,,,,9.923878962762185,858.8963721913193,29.30693385858233,20.33592133008148
LayerWiseDatasetv2Small,pretrained,inputlayer,20,0,5,PolynomialRegression,3,1,,,,0.9615247124984528,0.9615247124984528,,,,,,0.08498457434601789,0.020533533032493365,0.14329526521310243,0.10263867299666148,,,,,0.06190814562799942,0.005516020380605473,0.07426991571696762,0.07692940751366338
LayerWiseDatasetv2Small,pretrained,inputlayer,20,0,5,PolynomialRegression,3,2,,,,0.9615247124984528,0.9615247124984528,,,,,,0.076354825623445,0.011303846655402166,0.10631954973287916,0.09476577139968213,,,,,0.10298884767397212,0.016633065807799007,0.1289692436505658,0.13344433699724872
LayerWiseDatasetv2Small,pretrained,inputlayer,20,0,5,PolynomialRegression,3,3,,,,0.9615247124984528,0.9615247124984528,,,,,,0.024944991255339343,0.0012509802787207096,0.03536919957704315,0.03387646725905094,,,,,0.03988706489637006,0.002140567676659187,0.04626626931857795,0.04631974311403861
LayerWiseDatasetv2Small,pretrained,inputlayer,20,0,5,PolynomialRegression,3,4,,,,0.9615247124984528,0.9615247124984528,,,,,,0.022606070339721163,0.001191148988564469,0.03451302636055652,0.032895331499797155,,,,,0.0738891199244355,0.013246483358406846,0.1150933680035772,0.11867009467033607
LayerWiseDatasetv2Small,pretrained,pad,147,0,11,PolynomialRegression,5,1,,,,2.164331132287264,2.164331132287264,,,,,,0.03465356065842329,0.006234425156173367,0.07895837609888749,0.030140076685151555,,,,,0.03776462437645967,0.0029323717852413234,0.05415137842420378,0.02391152325262028
LayerWiseDatasetv2Small,pretrained,pad,147,0,11,PolynomialRegression,5,2,,,,2.164331132287264,2.164331132287264,,,,,,0.038258276966580386,0.004227567745796226,0.0650197488905965,0.02706100011717042,,,,,0.08910420287506952,0.01701852849668956,0.13045508229536157,0.05761017594771709
LayerWiseDatasetv2Small,pretrained,pad,147,0,11,PolynomialRegression,5,3,,,,2.164331132287264,2.164331132287264,,,,,,0.06592228962347464,0.009585045100149498,0.09790324356296629,0.04468405805292201,,,,,0.6534071873119903,0.9612871406465711,0.980452518302937,0.45201207654404774
LayerWiseDatasetv2Small,pretrained,pad,147,0,11,PolynomialRegression,5,4,,,,2.164331132287264,2.164331132287264,,,,,,0.015854209657914224,0.0006871586787230203,0.026213711654838587,0.011813470723419919,,,,,4.227177208488884,41.86358468607518,6.470207468549612,2.981735555441354
LayerWiseDatasetv2Small,pretrained,normalization,1622,0,345,PolynomialRegression,4,1,,,,3.4082729255874953,3.4082729255874953,,,,,,0.11291254443133551,0.03796961770780573,0.19485794237804557,0.055674259146979065,,,,,0.07635410207893262,0.031175998370855003,0.1765672630213625,0.10958898421846415
LayerWiseDatasetv2Small,pretrained,normalization,1622,0,345,PolynomialRegression,4,2,,,,3.4082729255874953,3.4082729255874953,,,,,,0.11656302893213434,0.03700093255539842,0.19235626466377023,0.05487696267768176,,,,,0.09357741872097898,0.03531080085150224,0.1879116836482028,0.11257798800942495
LayerWiseDatasetv2Small,pretrained,normalization,1622,0,345,PolynomialRegression,4,3,,,,3.4082729255874953,3.4082729255874953,,,,,,0.11678738474227306,0.03584686486664477,0.18933268303873152,0.05405006455434163,,,,,0.05647586038357922,0.026877343643365394,0.16394311099697173,0.10304601352422262
LayerWiseDatasetv2Small,pretrained,normalization,1622,0,345,PolynomialRegression,4,4,,,,3.4082729255874953,3.4082729255874953,,,,,,0.11829106059637931,0.0351666105965494,0.1875276262222433,0.05357866798618135,,,,,0.10846596245529434,0.03480334014214163,0.18655653336761388,0.10095972481293193
LayerWiseDatasetv2Small,pretrained,activation,1402,0,285,PolynomialRegression,3,1,,,,1.2063340386600296,1.2063340386600296,,,,,,0.6888400573641663,0.6322860364805728,0.7951641569390391,0.39144349044919646,,,,,0.6662300413798584,0.5730005125761652,0.7569679732829951,0.375828603911246
LayerWiseDatasetv2Small,pretrained,activation,1402,0,285,PolynomialRegression,3,2,,,,1.2063340386600296,1.2063340386600296,,,,,,0.6341012015210936,0.5653150308647789,0.7518743451300748,0.3990222409787432,,,,,0.4111137334339582,0.39317173573282055,0.6270340786056373,0.22857172161887626
LayerWiseDatasetv2Small,pretrained,activation,1402,0,285,PolynomialRegression,3,3,,,,1.2063340386600296,1.2063340386600296,,,,,,0.589506344737765,0.5195929419597057,0.7208279558672137,0.3943539064430058,,,,,0.49709692453591287,0.42853456277818003,0.6546255133877537,0.28817807405872276
LayerWiseDatasetv2Small,pretrained,activation,1402,0,285,PolynomialRegression,3,4,,,,1.2063340386600296,1.2063340386600296,,,,,,0.5602814371854292,0.4957449012224369,0.7040915432118446,0.39153810387973065,,,,,0.46279425728056495,0.41698524702874096,0.6457439485033839,0.29741989661074875
LayerWiseDatasetv2Small,pretrained,rescaling,9,0,2,PolynomialRegression,3,1,,,,2.0889446876239774,2.0889446876239774,,,,,,0.07153271709395795,0.008148587096036063,0.09026952473584905,0.04284631813050853,,,,,0.025767631418950332,0.0012597743875372835,0.03549330060077935,0.017267251752985966
LayerWiseDatasetv2Small,pretrained,rescaling,9,0,2,PolynomialRegression,3,2,,,,2.0889446876239774,2.0889446876239774,,,,,,0.026753077646133598,0.00155404840797576,0.0394214206742446,0.019265255000790384,,,,,0.026695212820043945,0.0008784520839708162,0.029638692345830917,0.01445696256853524
LayerWiseDatasetv2Small,pretrained,rescaling,9,0,2,PolynomialRegression,3,3,,,,2.0889446876239774,2.0889446876239774,,,,,,1.0768703953248051e-09,3.0694569346753894e-18,1.7519865680636338e-09,7.71521378960973e-10,,,,,0.2203195812328591,0.056796220884633764,0.23831957721646319,0.1183264069258362
LayerWiseDatasetv2Small,pretrained,rescaling,9,0,2,PolynomialRegression,3,4,,,,2.0889446876239774,2.0889446876239774,,,,,,7.740622957423208e-12,1.0212856335616467e-22,1.0105867768586954e-11,4.849644270302401e-12,,,,,0.21935686986499714,0.08334693027589331,0.28869868422958445,0.14381436116191754
LayerWiseDatasetv2Small,pretrained,reshape,220,0,35,PolynomialRegression,4,1,,,,3.9911975628867156,3.9911975628867156,,,,,,0.10678619158444765,0.031205653216433038,0.17665121911957765,0.03923296998581688,,,,,0.03890935422596654,0.0022429809378453187,0.04736011969838462,0.011639517880421876
LayerWiseDatasetv2Small,pretrained,reshape,220,0,35,PolynomialRegression,4,2,,,,3.9911975628867156,3.9911975628867156,,,,,,0.10059878980936351,0.02984513196542569,0.17275743678761182,0.03824093814124083,,,,,0.056215193747153905,0.0053389451107746875,0.07306808544621028,0.01775375007719083
LayerWiseDatasetv2Small,pretrained,reshape,220,0,35,PolynomialRegression,4,3,,,,3.9911975628867156,3.9911975628867156,,,,,,0.09670106409491445,0.028992365119347767,0.1702714454021806,0.0376483588900427,,,,,0.07893059976543228,0.011606881230610164,0.10773523671765967,0.026188550797644178
LayerWiseDatasetv2Small,pretrained,reshape,220,0,35,PolynomialRegression,4,4,,,,3.9911975628867156,3.9911975628867156,,,,,,0.09198654069192119,0.027474660200461506,0.16575481953916607,0.03668474516796548,,,,,0.05678505678042907,0.005242408006064257,0.07240447504170068,0.017620241029457598
LayerWiseDatasetv2Small,pretrained,dropout,157,0,32,PolynomialRegression,4,1,,,,1.4906092590940527,1.4906092590940527,,,,,,0.03295864741228077,0.005075900156321409,0.07124535182256742,0.10139156831060955,,,,,0.024224363959434773,0.0008144379213461727,0.02853835877106763,0.020666866928947283
LayerWiseDatasetv2Small,pretrained,dropout,157,0,32,PolynomialRegression,4,2,,,,1.4906092590940527,1.4906092590940527,,,,,,0.03514280591369766,0.004560837313616675,0.06753397155222456,0.09126633104013392,,,,,0.029355489999845663,0.0013482702586132722,0.036718799798104405,0.026625361328160988
LayerWiseDatasetv2Small,pretrained,dropout,157,0,32,PolynomialRegression,4,3,,,,1.4906092590940527,1.4906092590940527,,,,,,0.035297626830701645,0.004100336043545918,0.06403386637979873,0.08118499822540863,,,,,0.03656800507321961,0.002141510868668521,0.046276461280747486,0.03353149255187808
LayerWiseDatasetv2Small,pretrained,dropout,157,0,32,PolynomialRegression,4,4,,,,1.4906092590940527,1.4906092590940527,,,,,,0.033155590082900845,0.003265328046620471,0.05714304897903568,0.0653070940482953,,,,,0.030937392359321393,0.0015371184378133338,0.03920610204819314,0.028423627754242016
LayerWiseDatasetv2Small,pretrained,add,407,0,40,PolynomialRegression,3,1,,,,1.6365132838185628,1.6365132838185628,,,,,,0.04082515631727443,0.0032786255505352986,0.05725928353145277,0.036023813690714446,,,,,0.02782227523165917,0.0010077214944719474,0.03174462937997461,0.02155854718079622
LayerWiseDatasetv2Small,pretrained,add,407,0,40,PolynomialRegression,3,2,,,,1.6365132838185628,1.6365132838185628,,,,,,0.03915392706045165,0.0030919968583225433,0.05560572684825317,0.035046396266750685,,,,,0.03131357505203654,0.0015877259096481974,0.03984627849182653,0.027031165315183337
LayerWiseDatasetv2Small,pretrained,add,407,0,40,PolynomialRegression,3,3,,,,1.6365132838185628,1.6365132838185628,,,,,,0.03783407132708717,0.002911755540930756,0.05396068514141343,0.03428880640173125,,,,,0.03150527391367105,0.0019233013192730725,0.04385545940100357,0.02971797765568509
LayerWiseDatasetv2Small,pretrained,add,407,0,40,PolynomialRegression,3,4,,,,1.6365132838185628,1.6365132838185628,,,,,,0.03744435179701595,0.0028448809042547827,0.05333742498710247,0.033946269879916516,,,,,0.024289285120920025,0.0009937063118468502,0.031523107585497506,0.0213038114616873
LayerWiseDatasetv2Small,pretrained,multiply,219,0,35,PolynomialRegression,3,1,,,,1.5114833229303493,1.5114833229303493,,,,,,0.04640360412177526,0.005759069282995027,0.07588853195967772,0.043826587639204946,,,,,0.026213131387486006,0.00108292665718483,0.0329078509961503,0.022354980150961025
LayerWiseDatasetv2Small,pretrained,multiply,219,0,35,PolynomialRegression,3,2,,,,1.5114833229303493,1.5114833229303493,,,,,,0.04476330015090023,0.0055165554721956075,0.07427351797374086,0.04282106181294278,,,,,0.0285000423847005,0.0014025538701625273,0.03745068584368686,0.024781030146904026
LayerWiseDatasetv2Small,pretrained,multiply,219,0,35,PolynomialRegression,3,3,,,,1.5114833229303493,1.5114833229303493,,,,,,0.041502230005010216,0.004494405803762529,0.06704032968118913,0.03905509980542658,,,,,0.06466265198186866,0.0075198284216953515,0.08671694425944304,0.0588668830656601
LayerWiseDatasetv2Small,pretrained,multiply,219,0,35,PolynomialRegression,3,4,,,,1.5114833229303493,1.5114833229303493,,,,,,0.04383906388372462,0.005036417073879228,0.07096771853370537,0.041156489369551665,,,,,0.03072556912147729,0.0016492452819501203,0.04061090102361828,0.02754289987203019
LayerWiseDatasetv2Small,pretrained,concatenate,73,0,82,PolynomialRegression,3,1,,,,1.8737776395461954,1.8737776395461954,,,,,,0.033499763619431,0.0030660523281010386,0.055371945316207184,0.032290147923073574,,,,,0.2386529510549726,0.058308489161057304,0.24147150796948552,0.14829150339694802
LayerWiseDatasetv2Small,pretrained,concatenate,73,0,82,PolynomialRegression,3,2,,,,1.8737776395461954,1.8737776395461954,,,,,,0.0276444183727488,0.002017416810267388,0.04491566330655029,0.02541019474187683,,,,,0.3891061033305966,0.17212977669888133,0.41488525726865894,0.25589793282539613
LayerWiseDatasetv2Small,pretrained,concatenate,73,0,82,PolynomialRegression,3,3,,,,1.8737776395461954,1.8737776395461954,,,,,,0.0229251522189004,0.001770440206164495,0.04207659927043172,0.023719511863610904,,,,,0.6373940306894541,0.41781303563533323,0.6463845880242917,0.39855742625989393
LayerWiseDatasetv2Small,pretrained,concatenate,73,0,82,PolynomialRegression,3,4,,,,1.8737776395461954,1.8737776395461954,,,,,,0.0216740426213556,0.0015080300414312801,0.038833362479075643,0.021745026413724677,,,,,1.4346688271988424,2.7302729898950373,1.6523537726210562,1.0198257020406378
LayerWiseDatasetv2Large,pretrained,dense,1431,0,360,PolynomialRegression,5,1,,,,4.096142571934064,4.096142571934064,,,,,,1.3276382337127404,2.5880913012216173,1.6087545807927377,0.29545925656046296,,,,,1.2489380196639113,2.8926468171276123,1.7007782974649024,0.24991571784296732
LayerWiseDatasetv2Large,pretrained,dense,1431,0,360,PolynomialRegression,5,2,,,,4.096142571934064,4.096142571934064,,,,,,1.252748674412767,2.3569616393907156,1.535239928933167,0.2971979005623592,,,,,1.1742344873376758,2.849387089237641,1.6880127633515218,0.2569300399548678
LayerWiseDatasetv2Large,pretrained,dense,1431,0,360,PolynomialRegression,5,3,,,,4.096142571934064,4.096142571934064,,,,,,1.2521048976106313,2.384473333094985,1.5441739970272084,0.2995301298979134,,,,,1.2004285726967399,2.9209098479176285,1.7090669524385604,0.2694751512962753
LayerWiseDatasetv2Large,pretrained,dense,1431,0,360,PolynomialRegression,5,4,,,,4.096142571934064,4.096142571934064,,,,,,1.234626707765589,2.294058061066141,1.5146148226747753,0.29256569768037227,,,,,1.1672555262800053,2.74317507279689,1.656253323859877,0.2601087494834138
LayerWiseDatasetv2Large,pretrained,conv,15850,0,3960,PolynomialRegression,7,1,,,,9.403715692424841,9.403715692424841,,,,,,14.69924047318105,1088.2271262349766,32.98828771298954,1.597101837309077,,,,,14.131222875544498,2472.150637177282,49.72072643452911,1.75672564009645
LayerWiseDatasetv2Large,pretrained,conv,15850,0,3960,PolynomialRegression,7,2,,,,9.403715692424841,9.403715692424841,,,,,,12.411270202604056,712.0957458462699,26.68512218158781,1.619828859791732,,,,,12.213154583823696,2137.8422244959233,46.236805950410584,1.5092358706771767
LayerWiseDatasetv2Large,pretrained,conv,15850,0,3960,PolynomialRegression,7,3,,,,9.403715692424841,9.403715692424841,,,,,,10.379460221131806,454.2371743171133,21.312840597093416,1.3205312597197734,,,,,10.985391834375235,1762.6227566277946,41.9836010440719,1.2865954877216854
LayerWiseDatasetv2Large,pretrained,conv,15850,0,3960,PolynomialRegression,7,4,,,,9.403715692424841,9.403715692424841,,,,,,17.73678881232977,1295.5514532432821,35.99376964480495,2.2889986072176263,,,,,17.531708930036633,3016.721096925576,54.92468567889648,2.62005632721404
LayerWiseDatasetv2Large,pretrained,pool,338,0,82,PolynomialRegression,7,1,,,,3.6109451212622057,3.6109451212622057,,,,,,2.6663709289232185,12.619233251753133,3.5523560142183292,0.49686656356950837,,,,,2.6289849217176355,10.492187326834092,3.239164603232459,0.4963142620872324
LayerWiseDatasetv2Large,pretrained,pool,338,0,82,PolynomialRegression,7,2,,,,3.6109451212622057,3.6109451212622057,,,,,,2.2964919779837802,9.036390983071561,3.006059045173857,0.42727519791495344,,,,,2.41537973026602,9.045938773723565,3.0076467169073506,0.41192527177758864
LayerWiseDatasetv2Large,pretrained,pool,338,0,82,PolynomialRegression,7,3,,,,3.6109451212622057,3.6109451212622057,,,,,,2.1852586206477276,8.264247054913149,2.8747603473877867,0.3883161029346333,,,,,2.755411005095195,12.804004090185341,3.578268308859097,0.4252714014243922
LayerWiseDatasetv2Large,pretrained,pool,338,0,82,PolynomialRegression,7,4,,,,3.6109451212622057,3.6109451212622057,,,,,,2.66887102254261,11.839945400466494,3.440922172974346,0.4978709765333317,,,,,3.9366820064896193,36.221265102143995,6.018410512929805,0.623036403118122
LayerWiseDatasetv2Large,pretrained,inputlayer,159,0,40,PolynomialRegression,3,1,,,,2.737261693333785,2.737261693333785,,,,,,0.8171207728522403,0.9801568731247599,0.9900287233837005,0.252061578999152,,,,,0.8923753539688628,2.8669949542028963,1.6932202911029905,0.23751654070133782
LayerWiseDatasetv2Large,pretrained,inputlayer,159,0,40,PolynomialRegression,3,2,,,,2.737261693333785,2.737261693333785,,,,,,0.7621330074337099,0.8802085879320855,0.9381943231186626,0.2554768241028438,,,,,0.8506388647743364,2.922397653735361,1.709502165466707,0.2389515487327317
LayerWiseDatasetv2Large,pretrained,inputlayer,159,0,40,PolynomialRegression,3,3,,,,2.737261693333785,2.737261693333785,,,,,,0.7573711308618114,0.8617973374940491,0.9283304031938462,0.24892953775197302,,,,,0.9145886864297275,2.9688227038289203,1.7230271918425781,0.2578151047081197
LayerWiseDatasetv2Large,pretrained,inputlayer,159,0,40,PolynomialRegression,3,4,,,,2.737261693333785,2.737261693333785,,,,,,0.791390082689492,0.882447110451324,0.9393865607146634,0.24722611735768418,,,,,0.9959215106595355,3.1402033176207578,1.772061883123938,0.26913961038496487
LayerWiseDatasetv2Large,pretrained,pad,1113,0,209,PolynomialRegression,5,1,,,,5.118443284162682,5.118443284162682,,,,,,4.702097810785351,296.72383224308015,17.225673636844515,0.6554275723205027,,,,,4.520545790398659,90.56062480968436,9.51633463102703,0.8690321828443722
LayerWiseDatasetv2Large,pretrained,pad,1113,0,209,PolynomialRegression,5,2,,,,5.118443284162682,5.118443284162682,,,,,,4.546563518784195,233.18788983976066,15.270490818561159,0.7607067273179247,,,,,4.338084616424055,94.64329162033343,9.728478381552453,0.8072553410093669
LayerWiseDatasetv2Large,pretrained,pad,1113,0,209,PolynomialRegression,5,3,,,,5.118443284162682,5.118443284162682,,,,,,4.541809817215156,177.61279636092328,13.327145094164889,0.8064262044406133,,,,,6.448649255885966,271.145084191019,16.46648366200322,1.3365530686291922
LayerWiseDatasetv2Large,pretrained,pad,1113,0,209,PolynomialRegression,5,4,,,,5.118443284162682,5.118443284162682,,,,,,5.113432915987337,182.22469461293252,13.499062730905894,1.1291982435816221,,,,,8.944529576953133,692.4651999119498,26.314733513983185,2.249841571303678
LayerWiseDatasetv2Large,pretrained,normalization,12901,0,3141,PolynomialRegression,4,1,,,,10.361349638377792,10.361349638377792,,,,,,2.3225635171152668,15.757142712927516,3.96952676183541,0.3448250542714821,,,,,3.0062768534974995,503.4779832021945,22.43831507048144,0.3105595445509598
LayerWiseDatasetv2Large,pretrained,normalization,12901,0,3141,PolynomialRegression,4,2,,,,10.361349638377792,10.361349638377792,,,,,,2.200272888873018,14.54804706782595,3.8141902243891757,0.32623254998221307,,,,,2.858833148921572,516.1150291162777,22.718165179351033,0.2958047795456814
LayerWiseDatasetv2Large,pretrained,normalization,12901,0,3141,PolynomialRegression,4,3,,,,10.361349638377792,10.361349638377792,,,,,,2.1425197025016325,12.94715167922782,3.598215068506581,0.30953395472759876,,,,,2.9372022574766494,523.1822176659037,22.873176816216496,0.31799156265074663
LayerWiseDatasetv2Large,pretrained,normalization,12901,0,3141,PolynomialRegression,4,4,,,,10.361349638377792,10.361349638377792,,,,,,2.3176639001732116,13.917044269522636,3.7305554907443255,0.321409924824211,,,,,3.156951444669509,454.80682618800336,21.32620046299864,0.32645189859888263
LayerWiseDatasetv2Large,pretrained,activation,11070,0,2593,PolynomialRegression,3,1,,,,10.249364217036511,10.249364217036511,,,,,,4.667758082755713,178.81170065547053,13.372049231717273,0.873171859620988,,,,,4.805987959541356,198.10791147868048,14.075081224585544,0.8192998734760035
LayerWiseDatasetv2Large,pretrained,activation,11070,0,2593,PolynomialRegression,3,2,,,,10.249364217036511,10.249364217036511,,,,,,4.319082940919029,152.795086700713,12.361030972403272,0.9271974519429684,,,,,4.743769172289506,153.9381664054383,12.407182049338935,0.8842199913623823
LayerWiseDatasetv2Large,pretrained,activation,11070,0,2593,PolynomialRegression,3,3,,,,10.249364217036511,10.249364217036511,,,,,,4.088533588987473,127.97715652515568,11.312698905440543,0.9446500188176781,,,,,3.9636872471318743,140.8040846275365,11.86608969406251,0.734594867267587
LayerWiseDatasetv2Large,pretrained,activation,11070,0,2593,PolynomialRegression,3,4,,,,10.249364217036511,10.249364217036511,,,,,,4.083743024628578,109.66939367004049,10.472315583004576,0.8604694854406006,,,,,4.405082691976138,220.19831176437805,14.839080556570142,0.9538275191975153
LayerWiseDatasetv2Large,pretrained,rescaling,61,0,18,PolynomialRegression,3,1,,,,6.201369670412275,6.201369670412275,,,,,,1.5265734765204642,3.775991463111871,1.9431910516240731,0.2520867105941377,,,,,1.3549500511115822,2.812944896411155,1.6771836203621697,0.25099189079396783
LayerWiseDatasetv2Large,pretrained,rescaling,61,0,18,PolynomialRegression,3,2,,,,6.201369670412275,6.201369670412275,,,,,,1.259019333950622,2.7481003559469213,1.6577395319973887,0.2590612280085922,,,,,1.2556283791901173,2.6724234861448526,1.6347548703536112,0.2787672272173043
LayerWiseDatasetv2Large,pretrained,rescaling,61,0,18,PolynomialRegression,3,3,,,,6.201369670412275,6.201369670412275,,,,,,1.096600621496527,1.987185274069419,1.4096755917832369,0.18972874887387448,,,,,1.030626107655664,1.683536013103309,1.2975114693532805,0.19996757953915606
LayerWiseDatasetv2Large,pretrained,rescaling,61,0,18,PolynomialRegression,3,4,,,,6.201369670412275,6.201369670412275,,,,,,1.1924857667182562,2.1436524766415386,1.4641217424249728,0.20649198217675013,,,,,1.3312404342600759,2.453914134687678,1.5664974097290036,0.23746020288552608
LayerWiseDatasetv2Large,pretrained,reshape,1379,0,408,PolynomialRegression,4,1,,,,8.794659942676677,8.794659942676677,,,,,,1.749992764957228,4.41999032015084,2.1023773020442453,0.27099545113067375,,,,,1.5006212945558906,3.74517402599877,1.935245210819231,0.25044498843946356
LayerWiseDatasetv2Large,pretrained,reshape,1379,0,408,PolynomialRegression,4,2,,,,8.794659942676677,8.794659942676677,,,,,,1.6152377868943208,3.681195441544724,1.9186441675164063,0.2579738449046482,,,,,1.3797238409734853,2.8493420774828606,1.6879994305339265,0.2345425848305434
LayerWiseDatasetv2Large,pretrained,reshape,1379,0,408,PolynomialRegression,4,3,,,,8.794659942676677,8.794659942676677,,,,,,1.5166760314238077,3.43110448118336,1.8523240756367014,0.24784928980640372,,,,,1.320937370717551,2.6696395693888375,1.6339031701385605,0.2276887361469999
LayerWiseDatasetv2Large,pretrained,reshape,1379,0,408,PolynomialRegression,4,4,,,,8.794659942676677,8.794659942676677,,,,,,1.49437519078964,3.4028471688488238,1.8446807769499913,0.24760399644267683,,,,,1.3619835319213298,2.8996785202162663,1.702844244262013,0.23275047881094332
LayerWiseDatasetv2Large,pretrained,dropout,1208,0,341,PolynomialRegression,4,1,,,,4.377922174731096,4.377922174731096,,,,,,1.0180516239007802,1.4684557004545766,1.2117985395496136,0.27469946692591274,,,,,0.8552128112977078,1.1547121341126638,1.0745753273329255,0.24249932917992115
LayerWiseDatasetv2Large,pretrained,dropout,1208,0,341,PolynomialRegression,4,2,,,,4.377922174731096,4.377922174731096,,,,,,0.9140835376901784,1.2130733635497373,1.1013960974825256,0.2625076025224489,,,,,0.7138052469199215,0.8051335849745885,0.897292363154055,0.21665276315063528
LayerWiseDatasetv2Large,pretrained,dropout,1208,0,341,PolynomialRegression,4,3,,,,4.377922174731096,4.377922174731096,,,,,,0.8609289138591761,1.157623005377803,1.0759289034958597,0.2560130256501481,,,,,0.678881161834354,0.7585236672207389,0.8709326421835037,0.20859582699509577
LayerWiseDatasetv2Large,pretrained,dropout,1208,0,341,PolynomialRegression,4,4,,,,4.377922174731096,4.377922174731096,,,,,,0.9655130938400475,1.3371873109015344,1.1563681554338716,0.2655908787543678,,,,,0.8554499890218111,1.229424486309474,1.1087941586739507,0.2615120047321029
LayerWiseDatasetv2Large,pretrained,add,2937,0,601,PolynomialRegression,3,1,,,,3.4015625222524,3.4015625222524,,,,,,1.544815910881937,3.8805806085346615,1.9699189345083876,0.3557608831247024,,,,,1.8190986657602977,35.796012086922616,5.982976858297432,0.3053752344878364
LayerWiseDatasetv2Large,pretrained,add,2937,0,601,PolynomialRegression,3,2,,,,3.4015625222524,3.4015625222524,,,,,,1.3071140141419024,2.698548669426484,1.6427259873230484,0.316830288092549,,,,,1.7873023958542824,35.40744486173958,5.950415520090978,0.3082018319294436
LayerWiseDatasetv2Large,pretrained,add,2937,0,601,PolynomialRegression,3,3,,,,3.4015625222524,3.4015625222524,,,,,,1.3123785121246365,2.7254000395263405,1.6508785659540015,0.29306010893282347,,,,,1.6619519943032501,32.2326985495048,5.677384833662837,0.27199324796005336
LayerWiseDatasetv2Large,pretrained,add,2937,0,601,PolynomialRegression,3,4,,,,3.4015625222524,3.4015625222524,,,,,,1.5120732982497782,3.3051195672128877,1.8179987808612215,0.31458109920413274,,,,,1.8384665600116237,34.40098496797832,5.865235286668244,0.2952122584301253
LayerWiseDatasetv2Large,pretrained,multiply,1379,0,408,PolynomialRegression,3,1,,,,5.4168629434535465,5.4168629434535465,,,,,,1.7729238665162623,5.88623614738706,2.426156661756833,0.41435563944682086,,,,,1.5838936699768562,4.650831058742006,2.1565785538073974,0.365193925293982
LayerWiseDatasetv2Large,pretrained,multiply,1379,0,408,PolynomialRegression,3,2,,,,5.4168629434535465,5.4168629434535465,,,,,,1.714789570468314,4.948690570881992,2.2245652543546552,0.41782042999528973,,,,,1.6043391892826928,4.480655658059965,2.116755927843351,0.4187483735992901
LayerWiseDatasetv2Large,pretrained,multiply,1379,0,408,PolynomialRegression,3,3,,,,5.4168629434535465,5.4168629434535465,,,,,,1.4872124145396275,4.033561863197688,2.0083729392714114,0.35923715370360926,,,,,1.321606066639963,3.421400166223007,1.8497027237431984,0.33421113784132583
LayerWiseDatasetv2Large,pretrained,multiply,1379,0,408,PolynomialRegression,3,4,,,,5.4168629434535465,5.4168629434535465,,,,,,1.5099554859255078,4.060503713476905,2.0150691584848657,0.359427190642145,,,,,1.620527372611437,5.389185001183264,2.3214618241925202,0.3874481001440728
LayerWiseDatasetv2Large,pretrained,concatenate,1027,0,368,PolynomialRegression,3,1,,,,7.133023878007887,7.133023878007887,,,,,,1.442725309999029,4.809016827809678,2.192947064525197,0.34995384927442547,,,,,1.1147478778301827,4.087939730792478,2.021865408673999,0.21415548126204095
LayerWiseDatasetv2Large,pretrained,concatenate,1027,0,368,PolynomialRegression,3,2,,,,7.133023878007887,7.133023878007887,,,,,,1.3607909288017543,3.584526780775227,1.8932846539216512,0.33505045315175425,,,,,1.5990156019524893,5.556230733498981,2.357165826474451,0.3684087870486411
LayerWiseDatasetv2Large,pretrained,concatenate,1027,0,368,PolynomialRegression,3,3,,,,7.133023878007887,7.133023878007887,,,,,,1.1722038913410364,2.91475613543151,1.7072656897599476,0.2903933375740694,,,,,1.3669185252516949,5.61736130090295,2.3700973188675083,0.3060029096883992
LayerWiseDatasetv2Large,pretrained,concatenate,1027,0,368,PolynomialRegression,3,4,,,,7.133023878007887,7.133023878007887,,,,,,1.1787903184975557,3.127381809670133,1.768440502157235,0.299468873768865,,,,,1.4501453029782045,13.998876080668321,3.7415071937213114,0.38606271518941715
LayerWiseDatasetv2Small,pretrained,dense,21,0,7,PolynomialRegression,5,3,,,,2.9901744427712957,2.9901744427712957,,,,,,0.11441493403178808,0.024984494994744866,0.15806484427204193,0.0491207830539875,,,,,1.876926954364348,18.902892577193423,4.347745689112166,0.3448092739690162
LayerWiseDatasetv2Small,pretrained,dense,21,0,7,PolynomialRegression,5,1,,,,2.9901744427712957,2.9901744427712957,,,,,,0.18604570615770286,0.06060345278550255,0.2461776853930968,0.07662458285515764,,,,,0.279518194309703,0.1057215464169609,0.3251484990230785,0.08054734036518808
LayerWiseDatasetv2Small,pretrained,dense,21,0,7,PolynomialRegression,5,2,,,,2.9901744427712957,2.9901744427712957,,,,,,0.13947077679755884,0.029082757966344356,0.17053667630848315,0.05272116865705517,,,,,0.2765176137389801,0.16605457681544372,0.40749794700764286,0.08799487726952535
LayerWiseDatasetv2Small,pretrained,dense,21,0,7,PolynomialRegression,5,4,,,,2.9901744427712957,2.9901744427712957,,,,,,0.07612484731785416,0.01806534489382507,0.13440738407477867,0.04192299072436346,,,,,81.38451961533848,26480.778143894913,162.72915578928968,18.432749226073565
LayerWiseDatasetv2Small,pretrained,conv,2077,0,428,PolynomialRegression,7,1,,,,1.7252215173563428,1.7252215173563428,,,,,,0.6228797474553605,0.6395549074760097,0.7997217687896271,0.2876066550922624,,,,,0.7280933357847872,0.7169179358035136,0.8467100659632633,0.3529608252681292
LayerWiseDatasetv2Small,pretrained,conv,2077,0,428,PolynomialRegression,7,2,,,,1.7252215173563428,1.7252215173563428,,,,,,0.8205123879739052,1.3881247438082012,1.178187058071935,0.4160212213108487,,,,,1.20072191263589,2.1244632071588714,1.457553843656855,0.5849040799605727
LayerWiseDatasetv2Small,pretrained,conv,2077,0,428,PolynomialRegression,7,3,,,,1.7252215173563428,1.7252215173563428,,,,,,0.36013129221848633,0.22773658183250367,0.4772175414132465,0.1794001830397362,,,,,0.4253434616860961,0.29196391366382984,0.54033685203198,0.20864184373937575
LayerWiseDatasetv2Small,pretrained,conv,2077,0,428,PolynomialRegression,7,4,,,,1.7252215173563428,1.7252215173563428,,,,,,0.32047840955231643,0.18513544432856047,0.430273685377761,0.16598672563953473,,,,,0.42693133089793667,0.432697903592867,0.6577977680053855,0.2562886553608533
LayerWiseDatasetv2Large,pretrained,concatenate,1027,0,368,PolynomialRegression,3,1,,,,7.133023878007887,7.133023878007887,,,,,,1.523300620533729,4.356827559848842,2.087301501903556,0.37753978478304306,,,,,1.3692319667099373,4.211298483375715,2.05214484951129,0.32219016033995457
LayerWiseDatasetv2Large,pretrained,dense,1431,0,360,PolynomialRegression,5,1,,,,4.096142571934064,4.096142571934064,,,,,,1.292383557827368,2.509754571844789,1.584220493443002,0.29632448378104004,,,,,1.2007864452506771,2.7903184488460795,1.6704246312977067,0.2467072212109278
LayerWiseDatasetv2Large,pretrained,conv,15850,0,3960,PolynomialRegression,7,1,,,,9.403715692424841,9.403715692424841,,,,,,16.778226741268387,1240.997100219412,35.22778875006792,2.299821611033976,,,,,16.092573473314033,2761.2347451068285,52.54745231794619,2.373519200056272
LayerWiseDatasetv2Large,pretrained,pool,338,0,82,PolynomialRegression,7,1,,,,3.6109451212622057,3.6109451212622057,,,,,,2.401905034857068,10.449130537522912,3.2325114907023784,0.45458222725468195,,,,,2.2813045959366383,7.565103897361753,2.7504733951379627,0.44411078311119456
LayerWiseDatasetv2Large,pretrained,inputlayer,159,0,40,PolynomialRegression,3,1,,,,2.737261693333785,2.737261693333785,,,,,,0.7977459906999157,0.9509674726535877,0.9751756111868198,0.2527698093037787,,,,,0.8585854907554656,2.798640082089162,1.6729136505179105,0.23438276487658005
LayerWiseDatasetv2Large,pretrained,pad,1113,0,209,PolynomialRegression,5,1,,,,5.118443284162682,5.118443284162682,,,,,,5.0501845017448135,313.07781777545125,17.694005136640243,0.7471082344560932,,,,,4.495700134159645,58.50726574111427,7.6490042319974085,0.7332143369600107
LayerWiseDatasetv2Large,pretrained,normalization,12901,0,3141,PolynomialRegression,4,1,,,,10.361349638377792,10.361349638377792,,,,,,2.3994843386099727,15.353909736682066,3.918406530298007,0.37040850044176377,,,,,3.1996158997126796,526.5329370314774,22.946305520311487,0.36167924294585474
LayerWiseDatasetv2Large,pretrained,activation,11070,0,2593,PolynomialRegression,3,1,,,,10.249364217036511,10.249364217036511,,,,,,4.78625532352974,199.1307285173318,14.111368768384299,0.9276751837760298,,,,,5.12182759172677,241.88679905599255,15.552710344373825,0.9314270636835118
LayerWiseDatasetv2Large,pretrained,rescaling,61,0,18,PolynomialRegression,3,1,,,,6.201369670412275,6.201369670412275,,,,,,1.348586586581768,3.3154231069254694,1.820830334469818,0.24712688513990128,,,,,1.0272681909664187,2.157289581601968,1.4687714531546314,0.23156392261407185
LayerWiseDatasetv2Large,pretrained,reshape,1379,0,408,PolynomialRegression,4,1,,,,8.794659942676677,8.794659942676677,,,,,,1.706944803072845,4.219504659813307,2.054143290964218,0.266944218315986,,,,,1.4369201037202641,3.477726378370995,1.864866316487859,0.2399469648969095
LayerWiseDatasetv2Large,pretrained,add,2937,0,601,PolynomialRegression,3,1,,,,3.4015625222524,3.4015625222524,,,,,,1.4649376862158827,3.0982052272572385,1.760171931163896,0.3538568382942557,,,,,1.8789750843575665,34.0209351768623,5.832746795195408,0.337750427430883
